Row,Day,Day.Of.Week,Date,Page.Loads,Cases,First.Time.Visits,Returning.Visits
1,Sunday,1,9/14/2014,2146,1582,143,152
2,Monday,2,9/15/2014,3621,2528,2297,231
3,Tuesday,3,9/16/2014,3698,263,2352,278
4,Wednesday,4,9/17/2014,3667,2614,2327,287
5,Thursday,5,9/18/2014,3316,2366,213,236
6,Friday,6,9/19/2014,2815,1863,1622,241
7,Saturday,7,9/20/2014,1658,1118,985,133
8,Sunday,1,9/21/2014,2288,1656,1481,175
9,Monday,2,9/22/2014,3638,2586,2312,274
10,Tuesday,3,9/23/2014,4462,3257,2989,268
11,Wednesday,4,9/24/2014,4414,3175,2891,284
12,Thursday,5,9/25/2014,4315,3029,2743,286
13,Friday,6,9/26/2014,3323,2249,2033,216
14,Saturday,7,9/27/2014,1656,118,104,140
15,Sunday,1,9/28/2014,2465,1806,1613,193
16,Monday,2,9/29/2014,4096,2873,2577,296
17,Tuesday,3,9/30/2014,4474,3032,272,312
18,Wednesday,4,10/1/2014,4124,2849,2541,308
19,Thursday,5,10/2/2014,3514,2489,2239,250
20,Friday,6,10/3/2014,3005,2097,1856,241
21,Saturday,7,10/4/2014,2054,1436,1274,162
22,Sunday,1,10/5/2014,2847,1913,1713,200
23,Monday,2,10/6/2014,4501,3181,2853,328
24,Tuesday,3,10/7/2014,4603,3163,2804,359
25,Wednesday,4,10/8/2014,4187,3014,2663,351
26,Thursday,5,10/9/2014,4343,2864,2545,319
27,Friday,6,10/10/2014,3565,2382,21,282
28,Saturday,7,10/11/2014,208,1457,128,177
29,Sunday,1,10/12/2014,3031,2089,1856,233
30,Monday,2,10/13/2014,4814,3339,2973,366
31,Tuesday,3,10/14/2014,504,3604,3217,387
32,Wednesday,4,10/15/2014,5028,3515,3094,421
33,Thursday,5,10/16/2014,4658,3331,2955,376
34,Friday,6,10/17/2014,3624,2477,2148,329
35,Saturday,7,10/18/2014,2285,1619,1416,203
36,Sunday,1,10/19/2014,3454,2346,206,286
37,Monday,2,10/20/2014,5307,3717,3308,409
38,Tuesday,3,10/21/2014,5135,3701,328,421
39,Wednesday,4,10/22/2014,5084,3611,3177,434
40,Thursday,5,10/23/2014,465,3316,294,376
41,Friday,6,10/24/2014,3571,2498,217,328
42,Saturday,7,10/25/2014,2354,1661,1417,244
43,Sunday,1,10/26/2014,3497,2508,2218,290
44,Monday,2,10/27/2014,5294,3737,3286,451
45,Tuesday,3,10/28/2014,4643,3328,2905,423
46,Wednesday,4,10/29/2014,4596,3279,2863,416
47,Thursday,5,10/30/2014,4162,3041,2657,384
48,Friday,6,10/31/2014,2933,2007,1728,279
49,Saturday,7,11/1/2014,2202,1496,127,226
50,Sunday,1,11/2/2014,3083,2204,194,264
51,Monday,2,11/3/2014,4376,3057,2629,428
52,Tuesday,3,11/4/2014,4704,3141,2739,402
53,Wednesday,4,11/5/2014,4306,32,2797,403
54,Thursday,5,11/6/2014,4178,3034,2627,407
55,Friday,6,11/7/2014,3236,2318,1975,343
56,Saturday,7,11/8/2014,201,1536,1345,191
57,Sunday,1,11/9/2014,2901,2141,1849,292
58,Monday,2,11/10/2014,4754,3325,2885,440
59,Tuesday,3,11/11/2014,4417,3203,2793,410
60,Wednesday,4,11/12/2014,4535,3351,2897,454
61,Thursday,5,11/13/2014,4274,3194,2758,436
62,Friday,6,11/14/2014,3382,2423,2061,362
63,Saturday,7,11/15/2014,2085,1488,128,208
64,Sunday,1,11/16/2014,3083,2215,1926,289
65,Monday,2,11/17/2014,486,3559,3069,490
66,Tuesday,3,11/18/2014,4893,357,3133,437
67,Wednesday,4,11/19/2014,4866,3544,3056,488
68,Thursday,5,11/20/2014,4584,3357,2899,458
69,Friday,6,11/21/2014,3914,275,2361,389
70,Saturday,7,11/22/2014,2431,1716,1463,253
71,Sunday,1,11/23/2014,3157,2369,2082,287
72,Monday,2,11/24/2014,5045,3615,3146,469
73,Tuesday,3,11/25/2014,4746,3236,2821,415
74,Wednesday,4,11/26/2014,4314,2919,2513,406
75,Thursday,5,11/27/2014,3663,2476,2162,314
76,Friday,6,11/28/2014,327,2268,1931,337
77,Saturday,7,11/29/2014,2905,1976,1695,281
78,Sunday,1,11/30/2014,4016,2832,2489,343
79,Monday,2,12/1/2014,5266,3877,3317,560
80,Tuesday,3,12/2/2014,5795,4274,37,574
81,Wednesday,4,12/3/2014,5728,4217,3656,561
82,Thursday,5,12/4/2014,5293,383,3295,535
83,Friday,6,12/5/2014,3934,2856,2479,377
84,Saturday,7,12/6/2014,3071,2165,1855,310
85,Sunday,1,12/7/2014,3876,2984,2582,402
86,Monday,2,12/8/2014,5878,4375,3829,546
87,Tuesday,3,12/9/2014,5712,4187,3635,552
88,Wednesday,4,12/10/2014,5491,4074,348,594
89,Thursday,5,12/11/2014,5144,3801,3247,554
90,Friday,6,12/12/2014,388,286,2418,442
91,Saturday,7,12/13/2014,2605,1838,1538,300
92,Sunday,1,12/14/2014,3625,265,2259,391
93,Monday,2,12/15/2014,4685,3478,3,478
94,Tuesday,3,12/16/2014,4891,3338,2861,477
95,Wednesday,4,12/17/2014,4222,3053,2606,447
96,Thursday,5,12/18/2014,3691,269,2275,415
97,Friday,6,12/19/2014,2748,1879,1559,320
98,Saturday,7,12/20/2014,138,1011,836,175
99,Sunday,1,12/21/2014,1474,1054,876,178
100,Monday,2,12/22/2014,2452,1715,1394,321
101,Tuesday,3,12/23/2014,2298,144,1159,281
102,Wednesday,4,12/24/2014,143,947,772,175
103,Thursday,5,12/25/2014,1002,667,522,145
104,Friday,6,12/26/2014,1486,1005,808,197
105,Saturday,7,12/27/2014,1345,941,781,160
106,Sunday,1,12/28/2014,1453,948,765,183
107,Monday,2,12/29/2014,2173,1472,1228,244
108,Tuesday,3,12/30/2014,2208,1424,1172,252
109,Wednesday,4,12/31/2014,1381,955,773,182
110,Thursday,5,1/1/2015,1265,876,715,161
111,Friday,6,1/2/2015,1948,1288,103,258
112,Saturday,7,1/3/2015,1742,1096,946,150
113,Sunday,1,1/4/2015,1896,1409,1186,223
114,Monday,2,1/5/2015,3033,2062,1706,356
115,Tuesday,3,1/6/2015,3445,2327,1942,385
116,Wednesday,4,1/7/2015,3423,2384,1991,393
117,Thursday,5,1/8/2015,3319,2272,1922,350
118,Friday,6,1/9/2015,2783,1941,1663,278
119,Saturday,7,1/10/2015,1952,124,1066,174
120,Sunday,1,1/11/2015,2245,1611,1391,220
121,Monday,2,1/12/2015,3928,2518,2125,393
122,Tuesday,3,1/13/2015,381,2621,2239,382
123,Wednesday,4,1/14/2015,3931,2656,2229,427
124,Thursday,5,1/15/2015,3523,2457,2069,388
125,Friday,6,1/16/2015,2943,1928,164,288
126,Saturday,7,1/17/2015,1751,1237,1052,185
127,Sunday,1,1/18/2015,2491,1762,1541,221
128,Monday,2,1/19/2015,3766,2665,2271,394
129,Tuesday,3,1/20/2015,4194,2852,2423,429
130,Wednesday,4,1/21/2015,4038,2916,2482,434
131,Thursday,5,1/22/2015,3891,2702,2334,368
132,Friday,6,1/23/2015,3111,2181,1897,284
133,Saturday,7,1/24/2015,1946,1414,1239,175
134,Sunday,1,1/25/2015,2802,201,174,270
135,Monday,2,1/26/2015,3892,2841,2466,375
136,Tuesday,3,1/27/2015,4172,3003,2592,411
137,Wednesday,4,1/28/2015,4464,328,2862,418
138,Thursday,5,1/29/2015,4377,3143,2679,464
139,Friday,6,1/30/2015,3734,2514,2129,385
140,Saturday,7,1/31/2015,2262,1657,1443,214
141,Sunday,1,2/1/2015,305,2122,1825,297
142,Monday,2,2/2/2015,4794,3366,2867,499
143,Tuesday,3,2/3/2015,4936,3423,2922,501
144,Wednesday,4,2/4/2015,5016,35,3023,477
145,Thursday,5,2/5/2015,4489,317,2753,417
146,Friday,6,2/6/2015,3505,2468,2075,393
147,Saturday,7,2/7/2015,2264,1679,1437,242
148,Sunday,1,2/8/2015,3314,2435,21,335
149,Monday,2,2/9/2015,5095,3619,3125,494
150,Tuesday,3,2/10/2015,5525,3793,3272,521
151,Wednesday,4,2/11/2015,5074,3689,319,499
152,Thursday,5,2/12/2015,4571,3319,281,509
153,Friday,6,2/13/2015,357,2664,2253,411
154,Saturday,7,2/14/2015,2182,1565,1323,242
155,Sunday,1,2/15/2015,3265,2277,1935,342
156,Monday,2,2/16/2015,467,3297,2826,471
157,Tuesday,3,2/17/2015,4764,3452,2957,495
158,Wednesday,4,2/18/2015,4943,3526,3026,500
159,Thursday,5,2/19/2015,479,3307,2811,496
160,Friday,6,2/20/2015,3604,2621,2241,380
161,Saturday,7,2/21/2015,2455,1823,1569,254
162,Sunday,1,2/22/2015,365,269,2329,361
163,Monday,2,2/23/2015,5463,3975,3433,542
164,Tuesday,3,2/24/2015,5884,4112,3542,570
165,Wednesday,4,2/25/2015,5615,4019,3432,587
166,Thursday,5,2/26/2015,5289,3747,3186,561
167,Friday,6,2/27/2015,4434,2969,2486,483
168,Saturday,7,2/28/2015,2665,1977,1694,283
169,Sunday,1,3/1/2015,3907,2906,2519,387
170,Monday,2,3/2/2015,5308,3778,3222,556
171,Tuesday,3,3/3/2015,5773,4025,349,535
172,Wednesday,4,3/4/2015,5585,406,3457,603
173,Thursday,5,3/5/2015,4783,3582,3049,533
174,Friday,6,3/6/2015,3893,2707,2259,448
175,Saturday,7,3/7/2015,2917,2048,1723,325
176,Sunday,1,3/8/2015,3353,2468,2104,364
177,Monday,2,3/9/2015,54,3824,3246,578
178,Tuesday,3,3/10/2015,5395,3926,335,576
179,Wednesday,4,3/11/2015,5229,3859,3263,596
180,Thursday,5,3/12/2015,5371,3784,3204,580
181,Friday,6,3/13/2015,4185,3045,2559,486
182,Saturday,7,3/14/2015,2724,1988,1675,313
183,Sunday,1,3/15/2015,359,262,2196,424
184,Monday,2,3/16/2015,5367,3771,3192,579
185,Tuesday,3,3/17/2015,544,3968,3387,581
186,Wednesday,4,3/18/2015,5465,4043,3458,585
187,Thursday,5,3/19/2015,5318,3813,3262,551
188,Friday,6,3/20/2015,4225,2916,2462,454
189,Saturday,7,3/21/2015,2687,1975,1667,308
190,Sunday,1,3/22/2015,3791,2786,2388,398
191,Monday,2,3/23/2015,5661,3949,3331,618
192,Tuesday,3,3/24/2015,5759,4081,3487,594
193,Wednesday,4,3/25/2015,5599,3983,3378,605
194,Thursday,5,3/26/2015,5103,3755,3184,571
195,Friday,6,3/27/2015,4313,2946,2446,500
196,Saturday,7,3/28/2015,2971,2011,1651,360
197,Sunday,1,3/29/2015,3662,2693,2285,408
198,Monday,2,3/30/2015,5635,3985,3386,599
199,Tuesday,3,3/31/2015,5581,3963,3359,604
200,Wednesday,4,4/1/2015,5329,3761,317,591
201,Thursday,5,4/2/2015,4553,3214,271,504
202,Friday,6,4/3/2015,3423,2404,1988,416
203,Saturday,7,4/4/2015,2708,1807,1512,295
204,Sunday,1,4/5/2015,3306,2266,1895,371
205,Monday,2,4/6/2015,5203,3692,3133,559
206,Tuesday,3,4/7/2015,5712,4104,3456,648
207,Wednesday,4,4/8/2015,5601,4015,3401,614
208,Thursday,5,4/9/2015,5486,4063,343,633
209,Friday,6,4/10/2015,4178,3213,2697,516
210,Saturday,7,4/11/2015,2878,2153,1835,318
211,Sunday,1,4/12/2015,4169,2903,2447,456
212,Monday,2,4/13/2015,6372,4485,3787,698
213,Tuesday,3,4/14/2015,624,4391,3698,693
214,Wednesday,4,4/15/2015,617,4409,3723,686
215,Thursday,5,4/16/2015,6071,4275,3586,689
216,Friday,6,4/17/2015,4682,3307,2741,566
217,Saturday,7,4/18/2015,3208,2291,1894,397
218,Sunday,1,4/19/2015,431,3144,2669,475
219,Monday,2,4/20/2015,6435,4694,3929,765
220,Tuesday,3,4/21/2015,6299,4455,3769,686
221,Wednesday,4,4/22/2015,636,4512,3797,715
222,Thursday,5,4/23/2015,6349,436,3664,696
223,Friday,6,4/24/2015,466,3387,2845,542
224,Saturday,7,4/25/2015,3354,242,2035,385
225,Sunday,1,4/26/2015,4371,3189,2688,501
226,Monday,2,4/27/2015,6534,4731,3977,754
227,Tuesday,3,4/28/2015,6832,4941,4161,780
228,Wednesday,4,4/29/2015,6689,487,411,760
229,Thursday,5,4/30/2015,5849,4086,345,636
230,Friday,6,5/1/2015,4247,3064,2562,502
231,Saturday,7,5/2/2015,3219,236,1958,402
232,Sunday,1,5/3/2015,4211,321,2765,445
233,Monday,2,5/4/2015,6424,4752,4043,709
234,Tuesday,3,5/5/2015,6223,452,3818,702
235,Wednesday,4,5/6/2015,6551,4768,4059,709
236,Thursday,5,5/7/2015,6343,4449,377,679
237,Friday,6,5/8/2015,4696,3366,2824,542
238,Saturday,7,5/9/2015,3134,2239,1846,393
239,Sunday,1,5/10/2015,3868,2844,2365,479
240,Monday,2,5/11/2015,602,4482,3787,695
241,Tuesday,3,5/12/2015,5705,416,349,670
242,Wednesday,4,5/13/2015,5752,4016,3348,668
243,Thursday,5,5/14/2015,5181,3605,3008,597
244,Friday,6,5/15/2015,4269,2913,2404,509
245,Saturday,7,5/16/2015,2633,1818,1473,345
246,Sunday,1,5/17/2015,3336,2376,1988,388
247,Monday,2,5/18/2015,5127,3587,2955,632
248,Tuesday,3,5/19/2015,5449,3767,3149,618
249,Wednesday,4,5/20/2015,5746,3956,3371,585
250,Thursday,5,5/21/2015,5115,3642,3046,596
251,Friday,6,5/22/2015,3995,2749,2243,506
252,Saturday,7,5/23/2015,2618,1884,1585,299
253,Sunday,1,5/24/2015,2961,2117,1763,354
254,Monday,2,5/25/2015,409,2913,2427,486
255,Tuesday,3,5/26/2015,5201,3637,3073,564
256,Wednesday,4,5/27/2015,5321,3797,3146,651
257,Thursday,5,5/28/2015,5219,3509,2887,622
258,Friday,6,5/29/2015,4017,2804,2338,466
259,Saturday,7,5/30/2015,2297,1629,1346,283
260,Sunday,1,5/31/2015,3145,2226,186,366
261,Monday,2,6/1/2015,4905,3419,2797,622
262,Tuesday,3,6/2/2015,4747,3284,2701,583
263,Wednesday,4,6/3/2015,4591,3317,2713,604
264,Thursday,5,6/4/2015,4431,3173,2652,521
265,Friday,6,6/5/2015,3608,2523,2068,455
266,Saturday,7,6/6/2015,2422,1673,1336,337
267,Sunday,1,6/7/2015,3132,2145,179,355
268,Monday,2,6/8/2015,4962,3377,2788,589
269,Tuesday,3,6/9/2015,4881,3469,2862,607
270,Wednesday,4,6/10/2015,5001,3425,2786,639
271,Thursday,5,6/11/2015,4635,3242,2614,628
272,Friday,6,6/12/2015,3545,2494,2066,428
273,Saturday,7,6/13/2015,2262,149,1235,255
274,Sunday,1,6/14/2015,2866,2034,1692,342
275,Monday,2,6/15/2015,4692,3261,2682,579
276,Tuesday,3,6/16/2015,4602,3204,266,544
277,Wednesday,4,6/17/2015,462,3101,2556,545
278,Thursday,5,6/18/2015,4475,2955,2386,569
279,Friday,6,6/19/2015,3564,2422,1954,468
280,Saturday,7,6/20/2015,2071,137,1129,241
281,Sunday,1,6/21/2015,2659,184,1523,317
282,Monday,2,6/22/2015,4338,2963,241,553
283,Tuesday,3,6/23/2015,4531,3139,2566,573
284,Wednesday,4,6/24/2015,4498,3022,2481,541
285,Thursday,5,6/25/2015,4128,273,221,520
286,Friday,6,6/26/2015,3132,2153,1721,432
287,Saturday,7,6/27/2015,1829,1264,1067,197
288,Sunday,1,6/28/2015,2149,1517,1224,293
289,Monday,2,6/29/2015,3975,2691,2169,522
290,Tuesday,3,6/30/2015,4046,2718,218,538
291,Wednesday,4,7/1/2015,3897,2745,2266,479
292,Thursday,5,7/2/2015,3871,254,2072,468
293,Friday,6,7/3/2015,263,1716,1353,363
294,Saturday,7,7/4/2015,1602,1104,900,204
295,Sunday,1,7/5/2015,196,137,1141,229
296,Monday,2,7/6/2015,4143,2655,2171,484
297,Tuesday,3,7/7/2015,4205,2789,2266,523
298,Wednesday,4,7/8/2015,4193,2783,2255,528
299,Thursday,5,7/9/2015,371,2536,2069,467
300,Friday,6,7/10/2015,3137,2203,1767,436
301,Saturday,7,7/11/2015,1834,1145,944,201
302,Sunday,1,7/12/2015,207,1473,1197,276
303,Monday,2,7/13/2015,418,2852,231,542
304,Tuesday,3,7/14/2015,4038,2731,2226,505
305,Wednesday,4,7/15/2015,3906,2667,2119,548
306,Thursday,5,7/16/2015,358,2424,194,484
307,Friday,6,7/17/2015,2948,207,1708,362
308,Saturday,7,7/18/2015,1622,1121,924,197
309,Sunday,1,7/19/2015,2179,148,1214,266
310,Monday,2,7/20/2015,3906,2615,2146,469
311,Tuesday,3,7/21/2015,3745,2596,2071,525
312,Wednesday,4,7/22/2015,4212,2761,2205,556
313,Thursday,5,7/23/2015,3901,2595,2095,500
314,Friday,6,7/24/2015,3292,2207,1785,422
315,Saturday,7,7/25/2015,1819,1229,1016,213
316,Sunday,1,7/26/2015,2068,1562,1286,276
317,Monday,2,7/27/2015,3991,2805,2243,562
318,Tuesday,3,7/28/2015,4073,2862,2361,501
319,Wednesday,4,7/29/2015,4069,2825,2324,501
320,Thursday,5,7/30/2015,3716,2629,2126,503
321,Friday,6,7/31/2015,338,212,1709,411
322,Saturday,7,8/1/2015,1737,1197,958,239
323,Sunday,1,8/2/2015,2181,1567,1282,285
324,Monday,2,8/3/2015,3973,2794,2263,531
325,Tuesday,3,8/4/2015,3997,2794,2269,525
326,Wednesday,4,8/5/2015,4132,2798,2287,511
327,Thursday,5,8/6/2015,3791,2693,2204,489
328,Friday,6,8/7/2015,2968,2139,1738,401
329,Saturday,7,8/8/2015,1752,1266,1021,245
330,Sunday,1,8/9/2015,207,1497,1231,266
331,Monday,2,8/10/2015,392,2684,2139,545
332,Tuesday,3,8/11/2015,4106,2791,2266,525
333,Wednesday,4,8/12/2015,4006,2726,2166,560
334,Thursday,5,8/13/2015,3827,2639,2133,506
335,Friday,6,8/14/2015,2944,1973,1564,409
336,Saturday,7,8/15/2015,1827,1193,954,239
337,Sunday,1,8/16/2015,2373,1658,1369,289
338,Monday,2,8/17/2015,4031,2763,229,473
339,Tuesday,3,8/18/2015,4027,278,2248,532
340,Wednesday,4,8/19/2015,3912,2795,2291,504
341,Thursday,5,8/20/2015,3867,2715,2191,524
342,Friday,6,8/21/2015,3304,2238,1806,432
343,Saturday,7,8/22/2015,1685,1208,1011,197
344,Sunday,1,8/23/2015,213,1542,1282,260
345,Monday,2,8/24/2015,3936,2697,2182,515
346,Tuesday,3,8/25/2015,4029,2744,2203,541
347,Wednesday,4,8/26/2015,401,2789,2237,552
348,Thursday,5,8/27/2015,4027,289,2392,498
349,Friday,6,8/28/2015,2829,2,1585,415
350,Saturday,7,8/29/2015,1736,1227,1023,204
351,Sunday,1,8/30/2015,2517,1686,1416,270
352,Monday,2,8/31/2015,4029,2769,2299,470
353,Tuesday,3,9/1/2015,4261,289,2358,532
354,Wednesday,4,9/2/2015,4058,2923,2442,481
355,Thursday,5,9/3/2015,4392,3007,2466,541
356,Friday,6,9/4/2015,3072,2221,1846,375
357,Saturday,7,9/5/2015,1799,1284,1068,216
358,Sunday,1,9/6/2015,2341,1611,1345,266
359,Monday,2,9/7/2015,333,2354,1963,391
360,Tuesday,3,9/8/2015,4734,3381,2833,548
361,Wednesday,4,9/9/2015,4801,3381,2845,536
362,Thursday,5,9/10/2015,4399,3079,2575,504
363,Friday,6,9/11/2015,3275,2375,1958,417
364,Saturday,7,9/12/2015,2042,1429,1223,206
365,Sunday,1,9/13/2015,2827,2103,1844,259
366,Monday,2,9/14/2015,4836,3437,2954,483
367,Tuesday,3,9/15/2015,484,3465,2944,521
368,Wednesday,4,9/16/2015,4504,3356,2902,454
369,Thursday,5,9/17/2015,4379,324,2736,504
370,Friday,6,9/18/2015,3391,2428,2024,404
371,Saturday,7,9/19/2015,2045,1513,1278,235
372,Sunday,1,9/20/2015,2721,2081,1817,264
373,Monday,2,9/21/2015,463,3535,2998,537
374,Tuesday,3,9/22/2015,4748,354,3004,536
375,Wednesday,4,9/23/2015,4702,3377,2893,484
376,Thursday,5,9/24/2015,444,3309,2827,482
377,Friday,6,9/25/2015,3513,2518,2116,402
378,Saturday,7,9/26/2015,2253,1633,1395,238
379,Sunday,1,9/27/2015,3141,2291,198,311
380,Monday,2,9/28/2015,5122,3808,3289,519
381,Tuesday,3,9/29/2015,5151,3868,3305,563
382,Wednesday,4,9/30/2015,4969,3703,3182,521
383,Thursday,5,10/1/2015,4619,3365,2876,489
384,Friday,6,10/2/2015,3443,2598,2196,402
385,Saturday,7,10/3/2015,2302,1754,1503,251
386,Sunday,1,10/4/2015,3291,2506,2173,333
387,Monday,2,10/5/2015,5206,3737,317,567
388,Tuesday,3,10/6/2015,5474,394,3337,603
389,Wednesday,4,10/7/2015,54,3934,335,584
390,Thursday,5,10/8/2015,5334,3821,3244,577
391,Friday,6,10/9/2015,4174,3022,2547,475
392,Saturday,7,10/10/2015,2571,1853,1597,256
393,Sunday,1,10/11/2015,3572,2636,2283,353
394,Monday,2,10/12/2015,5018,3788,3241,547
395,Tuesday,3,10/13/2015,5565,4159,3536,623
396,Wednesday,4,10/14/2015,542,4048,3403,645
397,Thursday,5,10/15/2015,5366,3908,3331,577
398,Friday,6,10/16/2015,4091,3002,2507,495
399,Saturday,7,10/17/2015,2824,2087,177,317
400,Sunday,1,10/18/2015,3843,2825,2441,384
401,Monday,2,10/19/2015,5516,414,3491,649
402,Tuesday,3,10/20/2015,5572,4121,346,661
403,Wednesday,4,10/21/2015,5243,3882,3298,584
404,Thursday,5,10/22/2015,5133,372,3104,616
405,Friday,6,10/23/2015,4084,2947,2441,506
406,Saturday,7,10/24/2015,2739,1978,1647,331
407,Sunday,1,10/25/2015,3781,2857,2435,422
408,Monday,2,10/26/2015,5684,4073,3417,656
409,Tuesday,3,10/27/2015,5687,4179,3534,645
410,Wednesday,4,10/28/2015,5906,4266,3614,652
411,Thursday,5,10/29/2015,5541,402,3368,652
412,Friday,6,10/30/2015,4171,3043,2501,542
413,Saturday,7,10/31/2015,2586,182,1496,324
414,Sunday,1,11/1/2015,3838,2922,2456,466
415,Monday,2,11/2/2015,5675,4076,3419,657
416,Tuesday,3,11/3/2015,5624,4178,3504,674
417,Wednesday,4,11/4/2015,5794,4316,367,646
418,Thursday,5,11/5/2015,5389,4031,3379,652
419,Friday,6,11/6/2015,4305,3047,2522,525
420,Saturday,7,11/7/2015,3281,2202,1854,348
421,Sunday,1,11/8/2015,379,2837,2418,419
422,Monday,2,11/9/2015,5894,4203,3487,716
423,Tuesday,3,11/10/2015,5461,4048,3388,660
424,Wednesday,4,11/11/2015,5206,3869,3219,650
425,Thursday,5,11/12/2015,5228,3929,3281,648
426,Friday,6,11/13/2015,4097,2971,2436,535
427,Saturday,7,11/14/2015,2694,1964,1616,348
428,Sunday,1,11/15/2015,3893,293,2483,447
429,Monday,2,11/16/2015,6185,455,3872,678
430,Tuesday,3,11/17/2015,6178,4503,3795,708
431,Wednesday,4,11/18/2015,6067,4397,3693,704
432,Thursday,5,11/19/2015,5656,4166,3487,679
433,Friday,6,11/20/2015,4398,3173,2645,528
434,Saturday,7,11/21/2015,2836,2086,1741,345
435,Sunday,1,11/22/2015,3896,2927,2424,503
436,Monday,2,11/23/2015,5814,4236,3543,693
437,Tuesday,3,11/24/2015,5879,414,3475,665
438,Wednesday,4,11/25/2015,48,3457,2836,621
439,Thursday,5,11/26/2015,3838,2825,2334,491
440,Friday,6,11/27/2015,3576,2579,2118,461
441,Saturday,7,11/28/2015,2799,1974,1652,322
442,Sunday,1,11/29/2015,4228,3127,2605,522
443,Monday,2,11/30/2015,6331,457,3817,753
444,Tuesday,3,12/1/2015,638,4743,4027,716
445,Wednesday,4,12/2/2015,6314,4829,4039,790
446,Thursday,5,12/3/2015,616,4584,3835,749
447,Friday,6,12/4/2015,4859,3615,2995,620
448,Saturday,7,12/5/2015,3317,2468,204,428
449,Sunday,1,12/6/2015,4715,355,2972,578
450,Monday,2,12/7/2015,694,5136,4303,833
451,Tuesday,3,12/8/2015,6551,4866,4068,798
452,Wednesday,4,12/9/2015,6327,4761,3961,800
453,Thursday,5,12/10/2015,6212,4578,383,748
454,Friday,6,12/11/2015,4687,3388,2771,617
455,Saturday,7,12/12/2015,3014,2283,1856,427
456,Sunday,1,12/13/2015,4132,3064,2548,516
457,Monday,2,12/14/2015,5989,433,3606,724
458,Tuesday,3,12/15/2015,5331,3967,3309,658
459,Wednesday,4,12/16/2015,5183,3665,3025,640
460,Thursday,5,12/17/2015,4769,3515,2917,598
461,Friday,6,12/18/2015,3627,2518,2071,447
462,Saturday,7,12/19/2015,1857,1319,1087,232
463,Sunday,1,12/20/2015,2221,1489,1204,285
464,Monday,2,12/21/2015,3335,2335,1906,429
465,Tuesday,3,12/22/2015,2883,2047,1639,408
466,Wednesday,4,12/23/2015,2353,1621,1312,309
467,Thursday,5,12/24/2015,1578,1099,886,213
468,Friday,6,12/25/2015,1017,724,586,138
469,Saturday,7,12/26/2015,1334,936,760,176
470,Sunday,1,12/27/2015,169,1155,947,208
471,Monday,2,12/28/2015,2838,1829,1474,355
472,Tuesday,3,12/29/2015,2815,1786,1419,367
473,Wednesday,4,12/30/2015,2382,1618,1292,326
474,Thursday,5,12/31/2015,1587,1035,809,226
475,Friday,6,1/1/2016,1411,960,786,174
476,Saturday,7,1/2/2016,1838,1197,969,228
477,Sunday,1,1/3/2016,218,1562,1279,283
478,Monday,2,1/4/2016,3587,2494,2037,457
479,Tuesday,3,1/5/2016,3855,2742,223,512
480,Wednesday,4,1/6/2016,384,2628,2127,501
481,Thursday,5,1/7/2016,3735,2746,2258,488
482,Friday,6,1/8/2016,3223,2286,186,426
483,Saturday,7,1/9/2016,2207,1531,128,251
484,Sunday,1,1/10/2016,2814,2,1661,339
485,Monday,2,1/11/2016,4007,2976,2444,532
486,Tuesday,3,1/12/2016,4119,2961,2385,576
487,Wednesday,4,1/13/2016,4338,3164,2631,533
488,Thursday,5,1/14/2016,4432,2962,2418,544
489,Friday,6,1/15/2016,3306,2349,1866,483
490,Saturday,7,1/16/2016,2223,1557,1262,295
491,Sunday,1,1/17/2016,2757,2002,1635,367
492,Monday,2,1/18/2016,4047,2898,2373,525
493,Tuesday,3,1/19/2016,4489,319,2566,624
494,Wednesday,4,1/20/2016,4588,3232,2656,576
495,Thursday,5,1/21/2016,4398,3106,2561,545
496,Friday,6,1/22/2016,334,2455,199,465
497,Saturday,7,1/23/2016,2344,1639,1338,301
498,Sunday,1,1/24/2016,2973,2094,1736,358
499,Monday,2,1/25/2016,4638,3205,2649,556
500,Tuesday,3,1/26/2016,4791,3409,2834,575
501,Wednesday,4,1/27/2016,5104,3768,3197,571
502,Thursday,5,1/28/2016,4621,3439,2876,563
503,Friday,6,1/29/2016,3831,2715,2232,483
504,Saturday,7,1/30/2016,2295,169,14,290
505,Sunday,1,1/31/2016,3235,2462,205,412
506,Monday,2,2/1/2016,4918,364,306,580
507,Tuesday,3,2/2/2016,5127,3783,3195,588
508,Wednesday,4,2/3/2016,4794,3575,2999,576
509,Thursday,5,2/4/2016,4788,342,2848,572
510,Friday,6,2/5/2016,3948,2727,2256,471
511,Saturday,7,2/6/2016,2383,1765,1477,288
512,Sunday,1,2/7/2016,295,2231,1839,392
513,Monday,2,2/8/2016,4905,3592,3024,568
514,Tuesday,3,2/9/2016,5353,3931,3299,632
515,Wednesday,4,2/10/2016,5492,4007,3358,649
516,Thursday,5,2/11/2016,5052,3628,3019,609
517,Friday,6,2/12/2016,3764,2807,23,507
518,Saturday,7,2/13/2016,2458,1788,1459,329
519,Sunday,1,2/14/2016,3098,2277,1866,411
520,Monday,2,2/15/2016,4951,3652,3039,613
521,Tuesday,3,2/16/2016,5495,4,3304,696
522,Wednesday,4,2/17/2016,5505,4062,3375,687
523,Thursday,5,2/18/2016,5188,3812,3156,656
524,Friday,6,2/19/2016,4002,2932,2377,555
525,Saturday,7,2/20/2016,2607,1888,1537,351
526,Sunday,1,2/21/2016,3906,2838,2355,483
527,Monday,2,2/22/2016,636,4432,3684,748
528,Tuesday,3,2/23/2016,6046,446,3714,746
529,Wednesday,4,2/24/2016,5938,4309,3499,810
530,Thursday,5,2/25/2016,5325,3892,3199,693
531,Friday,6,2/26/2016,4165,3048,249,558
532,Saturday,7,2/27/2016,2829,2096,1726,370
533,Sunday,1,2/28/2016,409,2979,2462,517
534,Monday,2,2/29/2016,5734,4224,3493,731
535,Tuesday,3,3/1/2016,6214,4474,3731,743
536,Wednesday,4,3/2/2016,5906,4333,3597,736
537,Thursday,5,3/3/2016,5814,4191,3419,772
538,Friday,6,3/4/2016,4507,3188,2624,564
539,Saturday,7,3/5/2016,2859,2064,1718,346
540,Sunday,1,3/6/2016,3897,2806,2326,480
541,Monday,2,3/7/2016,5849,424,3503,737
542,Tuesday,3,3/8/2016,6264,4526,3743,783
543,Wednesday,4,3/9/2016,6062,4404,3624,780
544,Thursday,5,3/10/2016,5685,4159,3415,744
545,Friday,6,3/11/2016,4391,3241,2627,614
546,Saturday,7,3/12/2016,288,2046,1638,408
547,Sunday,1,3/13/2016,374,2673,2163,510
548,Monday,2,3/14/2016,571,4261,3469,792
549,Tuesday,3,3/15/2016,5168,3778,3047,731
550,Wednesday,4,3/16/2016,5577,4062,3287,775
551,Thursday,5,3/17/2016,5238,3827,3134,693
552,Friday,6,3/18/2016,3931,2871,232,551
553,Saturday,7,3/19/2016,2606,1892,1568,324
554,Sunday,1,3/20/2016,3149,241,2028,382
555,Monday,2,3/21/2016,5565,3968,3274,694
556,Tuesday,3,3/22/2016,5281,377,3035,735
557,Wednesday,4,3/23/2016,5202,378,3146,634
558,Thursday,5,3/24/2016,4581,3203,2649,554
559,Friday,6,3/25/2016,3264,2281,1847,434
560,Saturday,7,3/26/2016,2344,1759,1393,366
561,Sunday,1,3/27/2016,3112,2311,189,421
562,Monday,2,3/28/2016,5051,3655,2985,670
563,Tuesday,3,3/29/2016,5333,3944,3217,727
564,Wednesday,4,3/30/2016,5671,4078,3369,709
565,Thursday,5,3/31/2016,5097,3707,3026,681
566,Friday,6,4/1/2016,4555,2971,2408,563
567,Saturday,7,4/2/2016,2987,2129,1737,392
568,Sunday,1,4/3/2016,4257,2964,2421,543
569,Monday,2,4/4/2016,5804,4216,3426,790
570,Tuesday,3,4/5/2016,5885,4379,3597,782
571,Wednesday,4,4/6/2016,6054,4293,3522,771
572,Thursday,5,4/7/2016,5791,4147,3422,725
573,Friday,6,4/8/2016,4741,343,282,610
574,Saturday,7,4/9/2016,2946,214,174,400
575,Sunday,1,4/10/2016,4071,2864,233,534
576,Monday,2,4/11/2016,6265,4503,3667,836
577,Tuesday,3,4/12/2016,6298,4626,3769,857
578,Wednesday,4,4/13/2016,6495,4628,3791,837
579,Thursday,5,4/14/2016,5536,4189,3431,758
580,Friday,6,4/15/2016,4737,3447,2785,662
581,Saturday,7,4/16/2016,3232,2333,1862,471
582,Sunday,1,4/17/2016,4201,3093,2504,589
583,Monday,2,4/18/2016,6806,4769,392,849
584,Tuesday,3,4/19/2016,6769,4817,394,877
585,Wednesday,4,4/20/2016,6581,4824,3926,898
586,Thursday,5,4/21/2016,6254,4537,3707,830
587,Friday,6,4/22/2016,5163,3685,3009,676
588,Saturday,7,4/23/2016,3851,2595,2113,482
589,Sunday,1,4/24/2016,4695,3386,2761,625
590,Monday,2,4/25/2016,7098,5224,4237,987
591,Tuesday,3,4/26/2016,7156,5392,4468,924
592,Wednesday,4,4/27/2016,6836,5056,413,926
593,Thursday,5,4/28/2016,6329,4724,3892,832
594,Friday,6,4/29/2016,499,3608,2922,686
595,Saturday,7,4/30/2016,3536,2489,1993,496
596,Sunday,1,5/1/2016,4366,3236,2605,631
597,Monday,2,5/2/2016,651,4786,3909,877
598,Tuesday,3,5/3/2016,6855,4962,4085,877
599,Wednesday,4,5/4/2016,6599,4651,3744,907
600,Thursday,5,5/5/2016,551,4105,3375,730
601,Friday,6,5/6/2016,4549,3245,2639,606
602,Saturday,7,5/7/2016,3064,2167,176,407
603,Sunday,1,5/8/2016,3633,2663,218,483
604,Monday,2,5/9/2016,5838,4283,3489,794
605,Tuesday,3,5/10/2016,6026,4336,3581,755
606,Wednesday,4,5/11/2016,578,4226,3479,747
607,Thursday,5,5/12/2016,5131,3781,3101,680
608,Friday,6,5/13/2016,3928,2845,2294,551
609,Saturday,7,5/14/2016,2636,193,1552,378
610,Sunday,1,5/15/2016,3278,2366,1922,444
611,Monday,2,5/16/2016,4785,356,2882,678
612,Tuesday,3,5/17/2016,4886,3601,2914,687
613,Wednesday,4,5/18/2016,5145,3672,2987,685
614,Thursday,5,5/19/2016,5849,4211,3484,727
615,Friday,6,5/20/2016,4456,3324,2725,599
616,Saturday,7,5/21/2016,296,2138,1716,422
617,Sunday,1,5/22/2016,3885,286,2338,522
618,Monday,2,5/23/2016,5857,4155,3368,787
619,Tuesday,3,5/24/2016,6162,4345,3526,819
620,Wednesday,4,5/25/2016,6014,4254,3398,856
621,Thursday,5,5/26/2016,5652,4119,3385,734
622,Friday,6,5/27/2016,4793,334,2692,648
623,Saturday,7,5/28/2016,2819,1995,1611,384
624,Sunday,1,5/29/2016,3687,2546,2067,479
625,Monday,2,5/30/2016,4851,3399,2701,698
626,Tuesday,3,5/31/2016,5775,4216,3413,803
627,Wednesday,4,6/1/2016,5443,3962,3193,769
628,Thursday,5,6/2/2016,559,3959,3176,783
629,Friday,6,6/3/2016,4482,3164,2489,675
630,Saturday,7,6/4/2016,2792,1947,1533,414
631,Sunday,1,6/5/2016,3371,2449,1979,470
632,Monday,2,6/6/2016,5547,3832,3036,796
633,Tuesday,3,6/7/2016,5468,3954,3226,728
634,Wednesday,4,6/8/2016,5104,3751,3064,687
635,Thursday,5,6/9/2016,4728,3485,2812,673
636,Friday,6,6/10/2016,4024,2855,229,565
637,Saturday,7,6/11/2016,235,1677,1348,329
638,Sunday,1,6/12/2016,3234,2196,1779,417
639,Monday,2,6/13/2016,4948,355,279,760
640,Tuesday,3,6/14/2016,5247,376,3052,708
641,Wednesday,4,6/15/2016,5003,3557,281,747
642,Thursday,5,6/16/2016,4816,3482,2775,707
643,Friday,6,6/17/2016,4208,2818,2267,551
644,Saturday,7,6/18/2016,2454,1668,1357,311
645,Sunday,1,6/19/2016,2763,1919,1506,413
646,Monday,2,6/20/2016,4954,3522,2829,693
647,Tuesday,3,6/21/2016,4903,347,2793,677
648,Wednesday,4,6/22/2016,4907,3464,2772,692
649,Thursday,5,6/23/2016,4625,3336,2669,667
650,Friday,6,6/24/2016,3497,2482,1947,535
651,Saturday,7,6/25/2016,1826,1358,1101,257
652,Sunday,1,6/26/2016,2307,1721,1356,365
653,Monday,2,6/27/2016,4368,3078,2433,645
654,Tuesday,3,6/28/2016,4233,3091,2466,625
655,Wednesday,4,6/29/2016,4187,2948,2377,571
656,Thursday,5,6/30/2016,3811,2726,2135,591
657,Friday,6,7/1/2016,3179,2226,173,496
658,Saturday,7,7/2/2016,1615,1039,814,225
659,Sunday,1,7/3/2016,1788,1307,1028,279
660,Monday,2,7/4/2016,2959,2144,1653,491
661,Tuesday,3,7/5/2016,3947,284,2235,605
662,Wednesday,4,7/6/2016,3841,2821,2248,573
663,Thursday,5,7/7/2016,3729,27,2148,552
664,Friday,6,7/8/2016,3324,2381,1891,490
665,Saturday,7,7/9/2016,1795,1305,1036,269
666,Sunday,1,7/10/2016,2373,1655,1321,334
667,Monday,2,7/11/2016,4101,2855,2208,647
668,Tuesday,3,7/12/2016,4241,296,2352,608
669,Wednesday,4,7/13/2016,4478,3189,2578,611
670,Thursday,5,7/14/2016,3961,2814,2214,600
671,Friday,6,7/15/2016,3367,2325,1796,529
672,Saturday,7,7/16/2016,1828,1222,951,271
673,Sunday,1,7/17/2016,2344,1636,1319,317
674,Monday,2,7/18/2016,4415,3007,2382,625
675,Tuesday,3,7/19/2016,4403,3151,2502,649
676,Wednesday,4,7/20/2016,4244,3082,245,632
677,Thursday,5,7/21/2016,4322,3077,2404,673
678,Friday,6,7/22/2016,3456,2431,1936,495
679,Saturday,7,7/23/2016,2068,1407,1099,308
680,Sunday,1,7/24/2016,2568,1755,1374,381
681,Monday,2,7/25/2016,477,332,2628,692
682,Tuesday,3,7/26/2016,4621,3277,2595,682
683,Wednesday,4,7/27/2016,447,3164,2513,651
684,Thursday,5,7/28/2016,4307,3077,2459,618
685,Friday,6,7/29/2016,337,2366,1818,548
686,Saturday,7,7/30/2016,196,1341,1017,324
687,Sunday,1,7/31/2016,2412,1765,1423,342
688,Monday,2,8/1/2016,4504,3095,2489,606
689,Tuesday,3,8/2/2016,4382,3138,2499,639
690,Wednesday,4,8/3/2016,471,3369,2697,672
691,Thursday,5,8/4/2016,4324,3106,2479,627
692,Friday,6,8/5/2016,3472,2497,198,517
693,Saturday,7,8/6/2016,1909,1339,1081,258
694,Sunday,1,8/7/2016,2365,1688,1334,354
695,Monday,2,8/8/2016,446,3056,2438,618
696,Tuesday,3,8/9/2016,4479,3135,2482,653
697,Wednesday,4,8/10/2016,451,3207,255,657
698,Thursday,5,8/11/2016,434,3111,2491,620
699,Friday,6,8/12/2016,3508,2436,1933,503
700,Saturday,7,8/13/2016,203,142,1122,298
701,Sunday,1,8/14/2016,2586,1749,1399,350
702,Monday,2,8/15/2016,4476,297,2346,624
703,Tuesday,3,8/16/2016,3232,2299,1823,476
704,Wednesday,4,8/17/2016,4291,3106,2498,608
705,Thursday,5,8/18/2016,4247,2926,2327,599
706,Friday,6,8/19/2016,3477,2539,2045,494
707,Saturday,7,8/20/2016,2169,147,1169,301
708,Sunday,1,8/21/2016,243,1808,1453,355
709,Monday,2,8/22/2016,4358,3082,2439,643
710,Tuesday,3,8/23/2016,4465,3249,255,699
711,Wednesday,4,8/24/2016,455,321,2615,595
712,Thursday,5,8/25/2016,4147,3011,238,631
713,Friday,6,8/26/2016,3634,2532,2,532
714,Saturday,7,8/27/2016,2014,143,1141,289
715,Sunday,1,8/28/2016,2687,191,1555,355
716,Monday,2,8/29/2016,4376,3115,2521,594
717,Tuesday,3,8/30/2016,4318,3226,2622,604
718,Wednesday,4,8/31/2016,4441,3219,262,599
719,Thursday,5,9/1/2016,4234,3116,2556,560
720,Friday,6,9/2/2016,3027,223,1762,468
721,Saturday,7,9/3/2016,1966,1376,1101,275
722,Sunday,1,9/4/2016,2446,1761,1452,309
723,Monday,2,9/5/2016,3779,2643,2145,498
724,Tuesday,3,9/6/2016,4619,3341,2727,614
725,Wednesday,4,9/7/2016,4983,3584,2925,659
726,Thursday,5,9/8/2016,4645,3319,2716,603
727,Friday,6,9/9/2016,3612,263,2139,491
728,Saturday,7,9/10/2016,2153,1577,1323,254
729,Sunday,1,9/11/2016,3089,2307,1978,329
730,Monday,2,9/12/2016,458,3446,2882,564
731,Tuesday,3,9/13/2016,4788,3625,2992,633
732,Wednesday,4,9/14/2016,5095,3759,3113,646
733,Thursday,5,9/15/2016,4668,3454,286,594
734,Friday,6,9/16/2016,3711,2785,2272,513
735,Saturday,7,9/17/2016,2523,1861,1577,284
736,Sunday,1,9/18/2016,3364,2547,2122,425
737,Monday,2,9/19/2016,5513,405,3321,729
738,Tuesday,3,9/20/2016,5362,3762,3095,667
739,Wednesday,4,9/21/2016,5402,3987,3293,694
740,Thursday,5,9/22/2016,5398,3996,3299,697
741,Friday,6,9/23/2016,3783,2663,2134,529
742,Saturday,7,9/24/2016,2395,1797,1503,294
743,Sunday,1,9/25/2016,3679,2719,2289,430
744,Monday,2,9/26/2016,5688,4325,357,755
745,Tuesday,3,9/27/2016,5842,4382,3645,737
746,Wednesday,4,9/28/2016,5923,4458,3682,776
747,Thursday,5,9/29/2016,5717,4222,3487,735
748,Friday,6,9/30/2016,425,3176,2565,611
749,Saturday,7,10/1/2016,2525,1986,1656,330
750,Sunday,1,10/2/2016,3923,3023,2559,464
751,Monday,2,10/3/2016,5785,4281,3545,736
752,Tuesday,3,10/4/2016,6052,4522,378,742
753,Wednesday,4,10/5/2016,615,4588,3814,774
754,Thursday,5,10/6/2016,5591,4134,3419,715
755,Friday,6,10/7/2016,4279,3196,2616,580
756,Saturday,7,10/8/2016,2897,2066,1717,349
757,Sunday,1,10/9/2016,3904,2873,2374,499
758,Monday,2,10/10/2016,5458,4145,3442,703
759,Tuesday,3,10/11/2016,5909,4399,3685,714
760,Wednesday,4,10/12/2016,6175,462,3823,797
761,Thursday,5,10/13/2016,5856,4422,3581,841
762,Friday,6,10/14/2016,461,3505,2837,668
763,Saturday,7,10/15/2016,3081,2269,1864,405
764,Sunday,1,10/16/2016,439,3265,2718,547
765,Monday,2,10/17/2016,6507,4917,4018,899
766,Tuesday,3,10/18/2016,6941,5103,4189,914
767,Wednesday,4,10/19/2016,6576,4776,3961,815
768,Thursday,5,10/20/2016,5985,4462,3701,761
769,Friday,6,10/21/2016,4789,3497,284,657
770,Saturday,7,10/22/2016,3263,2292,1881,411
771,Sunday,1,10/23/2016,418,3135,2561,574
772,Monday,2,10/24/2016,6371,4865,3993,872
773,Tuesday,3,10/25/2016,6648,496,407,890
774,Wednesday,4,10/26/2016,6501,4777,388,897
775,Thursday,5,10/27/2016,6088,4431,3574,857
776,Friday,6,10/28/2016,4376,3179,251,669
777,Saturday,7,10/29/2016,2733,1955,1549,406
778,Sunday,1,10/30/2016,3953,2921,2344,577
779,Monday,2,10/31/2016,6108,4416,3563,853
780,Tuesday,3,11/1/2016,5668,4185,336,825
781,Wednesday,4,11/2/2016,6159,4508,3663,845
782,Thursday,5,11/3/2016,581,4241,3426,815
783,Friday,6,11/4/2016,4491,3394,267,724
784,Saturday,7,11/5/2016,311,2263,1842,421
785,Sunday,1,11/6/2016,4418,3281,2713,568
786,Monday,2,11/7/2016,6529,4488,3573,915
787,Tuesday,3,11/8/2016,5756,4251,3437,814
788,Wednesday,4,11/9/2016,5716,4102,3315,787
789,Thursday,5,11/10/2016,5323,4022,3246,776
790,Friday,6,11/11/2016,428,3085,2441,644
791,Saturday,7,11/12/2016,2982,2169,1777,392
792,Sunday,1,11/13/2016,4365,3172,2595,577
793,Monday,2,11/14/2016,6627,4888,3942,946
794,Tuesday,3,11/15/2016,6467,4808,3905,903
795,Wednesday,4,11/16/2016,6631,4903,3984,919
796,Thursday,5,11/17/2016,6378,4681,3779,902
797,Friday,6,11/18/2016,4767,3424,2734,690
798,Saturday,7,11/19/2016,3501,258,2136,444
799,Sunday,1,11/20/2016,4647,3426,2777,649
800,Monday,2,11/21/2016,6336,4693,3788,905
801,Tuesday,3,11/22/2016,6222,4564,3646,918
802,Wednesday,4,11/23/2016,5527,3904,3082,822
803,Thursday,5,11/24/2016,4267,3197,2561,636
804,Friday,6,11/25/2016,3733,2678,2135,543
805,Saturday,7,11/26/2016,3299,2394,1907,487
806,Sunday,1,11/27/2016,453,3396,2722,674
807,Monday,2,11/28/2016,6908,5047,4167,880
808,Tuesday,3,11/29/2016,7714,5338,4369,969
809,Wednesday,4,11/30/2016,749,5425,4389,1036
810,Thursday,5,12/1/2016,719,5081,412,961
811,Friday,6,12/2/2016,5391,3977,3171,806
812,Saturday,7,12/3/2016,3575,2667,2178,489
813,Sunday,1,12/4/2016,5285,4031,3247,784
814,Monday,2,12/5/2016,733,5439,4452,987
815,Tuesday,3,12/6/2016,7489,5479,45,979
816,Wednesday,4,12/7/2016,7345,5467,4469,998
817,Thursday,5,12/8/2016,6679,4991,3998,993
818,Friday,6,12/9/2016,5403,397,319,780
819,Saturday,7,12/10/2016,3573,2712,2203,509
820,Sunday,1,12/11/2016,4834,3515,2838,677
821,Monday,2,12/12/2016,6905,4945,3988,957
822,Tuesday,3,12/13/2016,6743,4927,3942,985
823,Wednesday,4,12/14/2016,6201,4488,3593,895
824,Thursday,5,12/15/2016,5571,4071,3229,842
825,Friday,6,12/16/2016,3872,278,2191,589
826,Saturday,7,12/17/2016,2613,1884,148,404
827,Sunday,1,12/18/2016,3109,2293,1853,440
828,Monday,2,12/19/2016,4324,3145,2477,668
829,Tuesday,3,12/20/2016,4226,3064,2339,725
830,Wednesday,4,12/21/2016,3991,2914,2278,636
831,Thursday,5,12/22/2016,316,2211,1728,483
832,Friday,6,12/23/2016,2386,1626,1257,369
833,Saturday,7,12/24/2016,1115,825,634,191
834,Sunday,1,12/25/2016,1387,930,740,190
835,Monday,2,12/26/2016,2147,1418,1142,276
836,Tuesday,3,12/27/2016,2686,1777,1349,428
837,Wednesday,4,12/28/2016,2885,1915,1476,439
838,Thursday,5,12/29/2016,2694,1837,14,437
839,Friday,6,12/30/2016,2273,1541,1164,377
840,Saturday,7,12/31/2016,1188,836,643,193
841,Sunday,1,1/1/2017,1447,1039,832,207
842,Monday,2,1/2/2017,2568,1844,1448,396
843,Tuesday,3,1/3/2017,3566,2527,197,557
844,Wednesday,4,1/4/2017,3941,2816,2226,590
845,Thursday,5,1/5/2017,3841,2625,2058,567
846,Friday,6,1/6/2017,3261,2338,1812,526
847,Saturday,7,1/7/2017,2241,1523,1204,319
848,Sunday,1,1/8/2017,2679,1892,1519,373
849,Monday,2,1/9/2017,4182,2841,2191,650
850,Tuesday,3,1/10/2017,4236,3039,2391,648
851,Wednesday,4,1/11/2017,4628,3206,2536,670
852,Thursday,5,1/12/2017,4205,3025,2403,622
853,Friday,6,1/13/2017,3459,2508,2033,475
854,Saturday,7,1/14/2017,2448,1744,139,354
855,Sunday,1,1/15/2017,2853,2015,1586,429
856,Monday,2,1/16/2017,4638,3178,2543,635
857,Tuesday,3,1/17/2017,5325,3669,2942,727
858,Wednesday,4,1/18/2017,4866,3364,267,694
859,Thursday,5,1/19/2017,4715,3375,2689,686
860,Friday,6,1/20/2017,3753,2713,2136,577
861,Saturday,7,1/21/2017,2481,1778,1437,341
862,Sunday,1,1/22/2017,3233,2401,1981,420
863,Monday,2,1/23/2017,5034,366,2957,703
864,Tuesday,3,1/24/2017,4787,3593,2909,684
865,Wednesday,4,1/25/2017,4901,3602,2923,679
866,Thursday,5,1/26/2017,4398,3266,2653,613
867,Friday,6,1/27/2017,3823,2832,2267,565
868,Saturday,7,1/28/2017,2619,1901,1534,367
869,Sunday,1,1/29/2017,3518,2612,2205,407
870,Monday,2,1/30/2017,5178,3826,3127,699
871,Tuesday,3,1/31/2017,529,3876,3127,749
872,Wednesday,4,2/1/2017,5469,4116,3402,714
873,Thursday,5,2/2/2017,5399,4028,3303,725
874,Friday,6,2/3/2017,4232,3012,2342,670
875,Saturday,7,2/4/2017,2828,2084,1697,387
876,Sunday,1,2/5/2017,3724,2783,2281,502
877,Monday,2,2/6/2017,5733,4249,3448,801
878,Tuesday,3,2/7/2017,5814,4284,3521,763
879,Wednesday,4,2/8/2017,5349,4006,3248,758
880,Thursday,5,2/9/2017,5025,3681,301,671
881,Friday,6,2/10/2017,4044,2922,2335,587
882,Saturday,7,2/11/2017,2323,1731,1377,354
883,Sunday,1,2/12/2017,3147,2469,2005,464
884,Monday,2,2/13/2017,4972,3719,3014,705
885,Tuesday,3,2/14/2017,4878,3582,2897,685
886,Wednesday,4,2/15/2017,5288,3786,3039,747
887,Thursday,5,2/16/2017,4968,3668,2934,734
888,Friday,6,2/17/2017,3788,2748,2158,590
889,Saturday,7,2/18/2017,2514,1839,1496,343
890,Sunday,1,2/19/2017,3463,2602,2083,519
891,Monday,2,2/20/2017,4931,37,3009,691
892,Tuesday,3,2/21/2017,5101,3873,3079,794
893,Wednesday,4,2/22/2017,5144,3727,2998,729
894,Thursday,5,2/23/2017,4433,3372,2657,715
895,Friday,6,2/24/2017,3597,2648,2111,537
896,Saturday,7,2/25/2017,2621,1826,1482,344
897,Sunday,1,2/26/2017,3397,2494,2021,473
898,Monday,2,2/27/2017,5062,3812,3009,803
899,Tuesday,3,2/28/2017,4926,3678,2933,745
900,Wednesday,4,3/1/2017,4936,3558,2822,736
901,Thursday,5,3/2/2017,4688,3441,2747,694
902,Friday,6,3/3/2017,3827,2699,214,559
903,Saturday,7,3/4/2017,2452,1754,1408,346
904,Sunday,1,3/5/2017,3283,2394,1958,436
905,Monday,2,3/6/2017,4823,3481,2764,717
906,Tuesday,3,3/7/2017,4821,3662,2942,720
907,Wednesday,4,3/8/2017,5059,3613,2923,690
908,Thursday,5,3/9/2017,4585,3444,2744,700
909,Friday,6,3/10/2017,3682,2733,2178,555
910,Saturday,7,3/11/2017,235,1714,1351,363
911,Sunday,1,3/12/2017,3056,2189,1755,434
912,Monday,2,3/13/2017,4746,3367,2721,646
913,Tuesday,3,3/14/2017,4613,3465,2808,657
914,Wednesday,4,3/15/2017,456,3441,2694,747
915,Thursday,5,3/16/2017,452,3304,2629,675
916,Friday,6,3/17/2017,3346,2433,193,503
917,Saturday,7,3/18/2017,2253,1649,1325,324
918,Sunday,1,3/19/2017,2927,2267,1807,460
919,Monday,2,3/20/2017,4878,3463,2799,664
920,Tuesday,3,3/21/2017,4852,3481,2802,679
921,Wednesday,4,3/22/2017,4585,343,2757,673
922,Thursday,5,3/23/2017,4477,326,26,660
923,Friday,6,3/24/2017,3654,2566,1993,573
924,Saturday,7,3/25/2017,2411,176,142,340
925,Sunday,1,3/26/2017,3054,2336,1882,454
926,Monday,2,3/27/2017,4696,3479,2765,714
927,Tuesday,3,3/28/2017,5033,3633,2875,758
928,Wednesday,4,3/29/2017,4948,353,2809,721
929,Thursday,5,3/30/2017,4636,339,2704,686
930,Friday,6,3/31/2017,3539,2636,206,576
931,Saturday,7,4/1/2017,2371,1678,1338,340
932,Sunday,1,4/2/2017,2816,2159,1715,444
933,Monday,2,4/3/2017,4493,3356,2672,684
934,Tuesday,3,4/4/2017,4678,3486,2739,747
935,Wednesday,4,4/5/2017,4737,3484,2762,722
936,Thursday,5,4/6/2017,4775,3514,2806,708
937,Friday,6,4/7/2017,3658,2725,2181,544
938,Saturday,7,4/8/2017,226,1664,1324,340
939,Sunday,1,4/9/2017,3343,2433,1933,500
940,Monday,2,4/10/2017,464,344,2756,684
941,Tuesday,3,4/11/2017,4694,3532,2867,665
942,Wednesday,4,4/12/2017,4771,3517,28,717
943,Thursday,5,4/13/2017,4173,3017,2395,622
944,Friday,6,4/14/2017,3046,2238,1752,486
945,Saturday,7,4/15/2017,226,1701,1333,368
946,Sunday,1,4/16/2017,2876,2143,17,443
947,Monday,2,4/17/2017,4774,3402,2719,683
948,Tuesday,3,4/18/2017,5009,3702,2906,796
949,Wednesday,4,4/19/2017,5369,3852,3133,719
950,Thursday,5,4/20/2017,502,3669,2969,700
951,Friday,6,4/21/2017,3935,2802,2203,599
952,Saturday,7,4/22/2017,2795,2049,163,419
953,Sunday,1,4/23/2017,3795,2827,2305,522
954,Monday,2,4/24/2017,5489,4083,3252,831
955,Tuesday,3,4/25/2017,568,4108,3336,772
956,Wednesday,4,4/26/2017,5383,394,3205,735
957,Thursday,5,4/27/2017,489,3695,2985,710
958,Friday,6,4/28/2017,3872,2887,231,577
959,Saturday,7,4/29/2017,279,1987,1602,385
960,Sunday,1,4/30/2017,3524,2616,2118,498
961,Monday,2,5/1/2017,4903,3551,2875,676
962,Tuesday,3,5/2/2017,516,3802,3079,723
963,Wednesday,4,5/3/2017,5194,3766,2995,771
964,Thursday,5,5/4/2017,5142,3755,3013,742
965,Friday,6,5/5/2017,3836,2925,2323,602
966,Saturday,7,5/6/2017,2737,1981,1572,409
967,Sunday,1,5/7/2017,3386,2534,2025,509
968,Monday,2,5/8/2017,4816,3585,29,685
969,Tuesday,3,5/9/2017,4734,3458,2763,695
970,Wednesday,4,5/10/2017,4761,3475,2754,721
971,Thursday,5,5/11/2017,4277,3224,257,654
972,Friday,6,5/12/2017,3563,262,2056,564
973,Saturday,7,5/13/2017,2401,1749,1379,370
974,Sunday,1,5/14/2017,2877,2126,1674,452
975,Monday,2,5/15/2017,4448,3191,2494,697
976,Tuesday,3,5/16/2017,4525,3226,2593,633
977,Wednesday,4,5/17/2017,4533,3318,2676,642
978,Thursday,5,5/18/2017,4431,3307,2686,621
979,Friday,6,5/19/2017,3456,247,1938,532
980,Saturday,7,5/20/2017,2162,1651,1332,319
981,Sunday,1,5/21/2017,2786,1971,1597,374
982,Monday,2,5/22/2017,4172,3041,2403,638
983,Tuesday,3,5/23/2017,4255,3077,2457,620
984,Wednesday,4,5/24/2017,4154,2996,24,596
985,Thursday,5,5/25/2017,3803,2839,2263,576
986,Friday,6,5/26/2017,295,2183,172,463
987,Saturday,7,5/27/2017,1909,1444,1155,289
988,Sunday,1,5/28/2017,2506,1781,1399,382
989,Monday,2,5/29/2017,3325,2457,1913,544
990,Tuesday,3,5/30/2017,4086,2909,2298,611
991,Wednesday,4,5/31/2017,3716,2667,2069,598
992,Thursday,5,6/1/2017,3702,2639,2103,536
993,Friday,6,6/2/2017,2959,2171,168,491
994,Saturday,7,6/3/2017,2006,1471,1161,310
995,Sunday,1,6/4/2017,2479,1795,1419,376
996,Monday,2,6/5/2017,3501,261,2072,538
997,Tuesday,3,6/6/2017,3985,2922,2361,561
998,Wednesday,4,6/7/2017,392,2913,2314,599
999,Thursday,5,6/8/2017,3868,2796,2209,587
1000,Friday,6,6/9/2017,2921,2101,166,441
1001,Saturday,7,6/10/2017,1655,1244,975,269
1002,Sunday,1,6/11/2017,2229,1622,1299,323
1003,Monday,2,6/12/2017,366,2598,202,578
1004,Tuesday,3,6/13/2017,3898,2809,2202,607
1005,Wednesday,4,6/14/2017,3912,2797,22,597
1006,Thursday,5,6/15/2017,3604,2624,2029,595
1007,Friday,6,6/16/2017,297,2105,1621,484
1008,Saturday,7,6/17/2017,1546,1187,957,230
1009,Sunday,1,6/18/2017,1944,1465,1146,319
1010,Monday,2,6/19/2017,3608,2493,1959,534
1011,Tuesday,3,6/20/2017,3514,2472,1905,567
1012,Wednesday,4,6/21/2017,3344,2475,1915,560
1013,Thursday,5,6/22/2017,3292,2351,1824,527
1014,Friday,6,6/23/2017,2469,185,1445,405
1015,Saturday,7,6/24/2017,1296,925,702,223
1016,Sunday,1,6/25/2017,1546,1071,811,260
1017,Monday,2,6/26/2017,2948,1998,1528,470
1018,Tuesday,3,6/27/2017,3077,219,169,500
1019,Wednesday,4,6/28/2017,3028,2145,1649,496
1020,Thursday,5,6/29/2017,2738,1976,1474,502
1021,Friday,6,6/30/2017,2147,1478,1087,391
1022,Saturday,7,7/1/2017,1277,903,675,228
1023,Sunday,1,7/2/2017,1606,1142,879,263
1024,Monday,2,7/3/2017,2504,1726,1296,430
1025,Tuesday,3,7/4/2017,2218,1566,1217,349
1026,Wednesday,4,7/5/2017,3024,2149,1681,468
1027,Thursday,5,7/6/2017,2951,2047,1555,492
1028,Friday,6,7/7/2017,2401,1693,131,383
1029,Saturday,7,7/8/2017,1242,891,700,191
1030,Sunday,1,7/9/2017,1511,1172,938,234
1031,Monday,2,7/10/2017,2934,2062,1619,443
1032,Tuesday,3,7/11/2017,3003,214,1663,477
1033,Wednesday,4,7/12/2017,3073,2192,171,482
1034,Thursday,5,7/13/2017,2933,2043,155,493
1035,Friday,6,7/14/2017,2468,171,1287,423
1036,Saturday,7,7/15/2017,1355,892,689,203
1037,Sunday,1,7/16/2017,1553,1122,891,231
1038,Monday,2,7/17/2017,2902,1954,1479,475
1039,Tuesday,3,7/18/2017,2899,2109,1591,518
1040,Wednesday,4,7/19/2017,2986,2032,1584,448
1041,Thursday,5,7/20/2017,2964,2031,1571,460
1042,Friday,6,7/21/2017,2433,1609,1214,395
1043,Saturday,7,7/22/2017,128,923,725,198
1044,Sunday,1,7/23/2017,1603,117,909,261
1045,Monday,2,7/24/2017,3154,2214,1726,488
1046,Tuesday,3,7/25/2017,3084,2148,1666,482
1047,Wednesday,4,7/26/2017,2983,1925,149,435
1048,Thursday,5,7/27/2017,2849,1908,144,468
1049,Friday,6,7/28/2017,242,1538,115,388
1050,Saturday,7,7/29/2017,13,895,712,183
1051,Sunday,1,7/30/2017,1526,1112,863,249
1052,Monday,2,7/31/2017,2872,1978,1481,497
1053,Tuesday,3,8/1/2017,2914,1957,1463,494
1054,Wednesday,4,8/2/2017,2843,1994,1536,458
1055,Thursday,5,8/3/2017,2649,1894,1447,447
1056,Friday,6,8/4/2017,2042,1478,115,328
1057,Saturday,7,8/5/2017,1225,901,681,220
1058,Sunday,1,8/6/2017,1562,1045,792,253
1059,Monday,2,8/7/2017,2751,1823,1398,425
1060,Tuesday,3,8/8/2017,2634,1868,1415,453
1061,Wednesday,4,8/9/2017,2704,1961,1511,450
1062,Thursday,5,8/10/2017,267,1864,1463,401
1063,Friday,6,8/11/2017,2073,1498,1121,377
1064,Saturday,7,8/12/2017,124,888,669,219
1065,Sunday,1,8/13/2017,153,1076,811,265
1066,Monday,2,8/14/2017,2392,1704,1346,358
1067,Tuesday,3,8/15/2017,2675,1846,1471,375
1068,Wednesday,4,8/16/2017,2755,1911,1436,475
1069,Thursday,5,8/17/2017,2608,1824,1421,403
1070,Friday,6,8/18/2017,2163,1521,1163,358
1071,Saturday,7,8/19/2017,1304,951,743,208
1072,Sunday,1,8/20/2017,1969,1419,1156,263
1073,Monday,2,8/21/2017,2985,2069,1575,494
1074,Tuesday,3,8/22/2017,3087,2259,1772,487
1075,Wednesday,4,8/23/2017,3047,2147,1704,443
1076,Thursday,5,8/24/2017,2961,2026,16,426
1077,Friday,6,8/25/2017,2293,1589,1257,332
1078,Saturday,7,8/26/2017,1261,934,751,183
1079,Sunday,1,8/27/2017,1676,1211,983,228
1080,Monday,2,8/28/2017,1786,1287,1005,282
1081,Tuesday,3,8/29/2017,3252,231,1845,465
1082,Wednesday,4,8/30/2017,3082,2179,1741,438
1083,Thursday,5,8/31/2017,2721,1963,1579,384
1084,Friday,6,9/1/2017,2217,1583,1235,348
1085,Saturday,7,9/2/2017,1271,908,730,178
1086,Sunday,1,9/3/2017,1742,1197,958,239
1087,Monday,2,9/4/2017,2293,1704,138,324
1088,Tuesday,3,9/5/2017,3155,2289,1818,471
1089,Wednesday,4,9/6/2017,3159,232,1882,438
1090,Thursday,5,9/7/2017,3054,2243,1777,466
1091,Friday,6,9/8/2017,244,1848,1488,360
1092,Saturday,7,9/9/2017,1532,1108,924,184
1093,Sunday,1,9/10/2017,2247,1657,1366,291
1094,Monday,2,9/11/2017,357,2496,2033,463
1095,Tuesday,3,9/12/2017,3524,254,2075,465
1096,Wednesday,4,9/13/2017,3471,2473,204,433
1097,Thursday,5,9/14/2017,3303,2415,1974,441
1098,Friday,6,9/15/2017,256,1867,1519,348
1099,Saturday,7,9/16/2017,147,109,912,178
1100,Sunday,1,9/17/2017,2234,1715,1446,269
1101,Monday,2,9/18/2017,3504,2596,2123,473
1102,Tuesday,3,9/19/2017,3984,284,2382,458
1103,Wednesday,4,9/20/2017,3746,266,2188,472
1104,Thursday,5,9/21/2017,3524,2667,2143,524
1105,Friday,6,9/22/2017,2639,1944,1591,353
1106,Saturday,7,9/23/2017,1523,1178,975,203
1107,Sunday,1,9/24/2017,2425,1809,1521,288
1108,Monday,2,9/25/2017,3671,2705,2202,503
1109,Tuesday,3,9/26/2017,3669,278,2306,474
1110,Wednesday,4,9/27/2017,3537,2657,2211,446
1111,Thursday,5,9/28/2017,3413,2507,2048,459
1112,Friday,6,9/29/2017,2699,1902,1554,348
1113,Saturday,7,9/30/2017,1829,1289,1058,231
1114,Sunday,1,10/1/2017,2379,1812,1507,305
1115,Monday,2,10/2/2017,3637,2669,2221,448
1116,Tuesday,3,10/3/2017,3775,2787,2253,534
1117,Wednesday,4,10/4/2017,3572,2731,2245,486
1118,Thursday,5,10/5/2017,3605,2695,223,465
1119,Friday,6,10/6/2017,2774,2078,167,408
1120,Saturday,7,10/7/2017,178,1354,1106,248
1121,Sunday,1,10/8/2017,2469,1884,1571,313
1122,Monday,2,10/9/2017,3881,2869,2348,521
1123,Tuesday,3,10/10/2017,3767,2785,2296,489
1124,Wednesday,4,10/11/2017,4082,2924,2335,589
1125,Thursday,5,10/12/2017,4047,2768,224,528
1126,Friday,6,10/13/2017,2877,2114,1706,408
1127,Saturday,7,10/14/2017,2073,1559,1298,261
1128,Sunday,1,10/15/2017,2759,2066,1739,327
1129,Monday,2,10/16/2017,3817,288,2344,536
1130,Tuesday,3,10/17/2017,3949,293,2402,528
1131,Wednesday,4,10/18/2017,3867,2896,2395,501
1132,Thursday,5,10/19/2017,3621,2582,2119,463
1133,Friday,6,10/20/2017,2978,222,1772,448
1134,Saturday,7,10/21/2017,1992,1434,1158,276
1135,Sunday,1,10/22/2017,2851,2142,1779,363
1136,Monday,2,10/23/2017,439,3177,2651,526
1137,Tuesday,3,10/24/2017,3886,2938,2406,532
1138,Wednesday,4,10/25/2017,3424,2477,2017,460
1139,Thursday,5,10/26/2017,4207,3087,2561,526
1140,Friday,6,10/27/2017,3345,2478,1984,494
1141,Saturday,7,10/28/2017,2128,1567,1277,290
1142,Sunday,1,10/29/2017,2205,1637,1319,318
1143,Monday,2,10/30/2017,4091,2999,2453,546
1144,Tuesday,3,10/31/2017,4223,3143,2555,588
1145,Wednesday,4,11/1/2017,4361,3147,2554,593
1146,Thursday,5,11/2/2017,4263,3103,2513,590
1147,Friday,6,11/3/2017,3341,2397,1903,494
1148,Saturday,7,11/4/2017,2278,1634,1307,327
1149,Sunday,1,11/5/2017,3097,2299,1888,411
1150,Monday,2,11/6/2017,4185,3113,2538,575
1151,Tuesday,3,11/7/2017,4477,3341,2689,652
1152,Wednesday,4,11/8/2017,4354,3227,2579,648
1153,Thursday,5,11/9/2017,4194,3005,2401,604
1154,Friday,6,11/10/2017,324,2319,1833,486
1155,Saturday,7,11/11/2017,2424,1613,1283,330
1156,Sunday,1,11/12/2017,3168,2309,1853,456
1157,Monday,2,11/13/2017,4709,3433,2784,649
1158,Tuesday,3,11/14/2017,4634,3373,2727,646
1159,Wednesday,4,11/15/2017,4545,3345,2681,664
1160,Thursday,5,11/16/2017,4532,3332,2693,639
1161,Friday,6,11/17/2017,3317,2508,2018,490
1162,Saturday,7,11/18/2017,2449,1741,1386,355
1163,Sunday,1,11/19/2017,2893,2231,178,451
1164,Monday,2,11/20/2017,417,3135,2555,580
1165,Tuesday,3,11/21/2017,4277,3026,2419,607
1166,Wednesday,4,11/22/2017,3588,2625,2078,547
1167,Thursday,5,11/23/2017,3141,2237,176,477
1168,Friday,6,11/24/2017,2658,1843,1429,414
1169,Saturday,7,11/25/2017,2391,1652,1327,325
1170,Sunday,1,11/26/2017,3202,2354,1901,453
1171,Monday,2,11/27/2017,4349,3251,2601,650
1172,Tuesday,3,11/28/2017,4886,366,2968,692
1173,Wednesday,4,11/29/2017,4555,3484,2824,660
1174,Thursday,5,11/30/2017,4477,3134,253,604
1175,Friday,6,12/1/2017,3577,2603,2056,547
1176,Saturday,7,12/2/2017,243,1827,1461,366
1177,Sunday,1,12/3/2017,3449,2504,2006,498
1178,Monday,2,12/4/2017,4955,3673,3019,654
1179,Tuesday,3,12/5/2017,4475,3435,2775,660
1180,Wednesday,4,12/6/2017,4595,3452,2766,686
1181,Thursday,5,12/7/2017,4451,3199,2563,636
1182,Friday,6,12/8/2017,3418,2549,2037,512
1183,Saturday,7,12/9/2017,2605,1944,1572,372
1184,Sunday,1,12/10/2017,3483,2607,2102,505
1185,Monday,2,12/11/2017,4651,335,2656,694
1186,Tuesday,3,12/12/2017,4029,3011,2351,660
1187,Wednesday,4,12/13/2017,4282,3205,2609,596
1188,Thursday,5,12/14/2017,4138,293,2315,615
1189,Friday,6,12/15/2017,413,2803,2211,592
1190,Saturday,7,12/16/2017,2581,1761,1429,332
1191,Sunday,1,12/17/2017,3355,23,1876,424
1192,Monday,2,12/18/2017,4482,3109,2491,618
1193,Tuesday,3,12/19/2017,4584,3021,2456,565
1194,Wednesday,4,12/20/2017,4106,2661,2133,528
1195,Thursday,5,12/21/2017,3378,2243,1798,445
1196,Friday,6,12/22/2017,2446,1544,1211,333
1197,Saturday,7,12/23/2017,1447,958,753,205
1198,Sunday,1,12/24/2017,1326,895,696,199
1199,Monday,2,12/25/2017,1609,1015,809,206
1200,Tuesday,3,12/26/2017,2481,1438,1105,333
1201,Wednesday,4,12/27/2017,2798,174,135,390
1202,Thursday,5,12/28/2017,2809,1797,1425,372
1203,Friday,6,12/29/2017,2216,141,1083,327
1204,Saturday,7,12/30/2017,1546,1071,839,232
1205,Sunday,1,12/31/2017,1339,923,724,199
1206,Monday,2,1/1/2018,1709,112,878,242
1207,Tuesday,3,1/2/2018,3389,2208,1755,453
1208,Wednesday,4,1/3/2018,3391,2282,1827,455
1209,Thursday,5,1/4/2018,3698,231,1878,432
1210,Friday,6,1/5/2018,3511,2272,1801,471
1211,Saturday,7,1/6/2018,2279,1498,1196,302
1212,Sunday,1,1/7/2018,2822,1869,1495,374
1213,Monday,2,1/8/2018,424,2784,2186,598
1214,Tuesday,3,1/9/2018,4319,2844,2302,542
1215,Wednesday,4,1/10/2018,4224,2866,2304,562
1216,Thursday,5,1/11/2018,3797,2704,2203,501
1217,Friday,6,1/12/2018,319,2127,1692,435
1218,Saturday,7,1/13/2018,1998,1373,1128,245
1219,Sunday,1,1/14/2018,2515,1711,1393,318
1220,Monday,2,1/15/2018,395,2612,2065,547
1221,Tuesday,3,1/16/2018,4033,2631,2133,498
1222,Wednesday,4,1/17/2018,4269,2812,2285,527
1223,Thursday,5,1/18/2018,4124,2677,2157,520
1224,Friday,6,1/19/2018,3228,2198,1763,435
1225,Saturday,7,1/20/2018,2287,1423,116,263
1226,Sunday,1,1/21/2018,2946,1996,1628,368
1227,Monday,2,1/22/2018,4608,3035,2534,501
1228,Tuesday,3,1/23/2018,4786,3154,2566,588
1229,Wednesday,4,1/24/2018,4724,3244,268,564
1230,Thursday,5,1/25/2018,4417,2875,2348,527
1231,Friday,6,1/26/2018,358,2314,1825,489
1232,Saturday,7,1/27/2018,2345,1544,1229,315
1233,Sunday,1,1/28/2018,317,214,1776,364
1234,Monday,2,1/29/2018,4862,3194,2573,621
1235,Tuesday,3,1/30/2018,46,3106,2504,602
1236,Wednesday,4,1/31/2018,4705,3249,2704,545
1237,Thursday,5,2/1/2018,4723,3164,2571,593
1238,Friday,6,2/2/2018,3969,2572,2104,468
1239,Saturday,7,2/3/2018,2994,2034,1702,332
1240,Sunday,1,2/4/2018,3162,2186,1811,375
1241,Monday,2,2/5/2018,4949,3287,2735,552
1242,Tuesday,3,2/6/2018,5092,3465,2838,627
1243,Wednesday,4,2/7/2018,4767,3319,2729,590
1244,Thursday,5,2/8/2018,4625,3179,2603,576
1245,Friday,6,2/9/2018,3738,2477,2015,462
1246,Saturday,7,2/10/2018,2739,1793,1477,316
1247,Sunday,1,2/11/2018,3923,2476,2077,399
1248,Monday,2,2/12/2018,5341,3687,3045,642
1249,Tuesday,3,2/13/2018,5114,346,2836,624
1250,Wednesday,4,2/14/2018,4896,3214,2568,646
1251,Thursday,5,2/15/2018,4502,305,2507,543
1252,Friday,6,2/16/2018,3729,2518,2012,506
1253,Saturday,7,2/17/2018,2388,1618,1319,299
1254,Sunday,1,2/18/2018,3405,2314,1928,386
1255,Monday,2,2/19/2018,5176,362,2971,649
1256,Tuesday,3,2/20/2018,5429,3597,2978,619
1257,Wednesday,4,2/21/2018,512,3448,2869,579
1258,Thursday,5,2/22/2018,4993,3379,2774,605
1259,Friday,6,2/23/2018,4148,2751,2221,530
1260,Saturday,7,2/24/2018,2763,1981,1648,333
1261,Sunday,1,2/25/2018,3599,2446,2011,435
1262,Monday,2,2/26/2018,5542,3728,3052,676
1263,Tuesday,3,2/27/2018,5378,3764,3123,641
1264,Wednesday,4,2/28/2018,5536,3734,3095,639
1265,Thursday,5,3/1/2018,4984,3315,2713,602
1266,Friday,6,3/2/2018,413,2754,2231,523
1267,Saturday,7,3/3/2018,2818,1922,1579,343
1268,Sunday,1,3/4/2018,3978,2699,2249,450
1269,Monday,2,3/5/2018,5502,3727,3019,708
1270,Tuesday,3,3/6/2018,574,3842,316,682
1271,Wednesday,4,3/7/2018,5635,3734,3037,697
1272,Thursday,5,3/8/2018,5375,3704,3044,660
1273,Friday,6,3/9/2018,4273,3038,249,548
1274,Saturday,7,3/10/2018,3223,2305,1918,387
1275,Sunday,1,3/11/2018,3956,2727,2288,439
1276,Monday,2,3/12/2018,5895,4141,3447,694
1277,Tuesday,3,3/13/2018,6152,4207,3398,809
1278,Wednesday,4,3/14/2018,5906,4021,3305,716
1279,Thursday,5,3/15/2018,63,4061,3279,782
1280,Friday,6,3/16/2018,4915,3259,2673,586
1281,Saturday,7,3/17/2018,3218,2161,1818,343
1282,Sunday,1,3/18/2018,4429,2919,2435,484
1283,Monday,2,3/19/2018,5739,4038,3316,722
1284,Tuesday,3,3/20/2018,622,4292,3553,739
1285,Wednesday,4,3/21/2018,6238,4163,3396,767
1286,Thursday,5,3/22/2018,6226,4251,3595,656
1287,Friday,6,3/23/2018,4364,2994,2457,537
1288,Saturday,7,3/24/2018,2882,2021,1682,339
1289,Sunday,1,3/25/2018,401,2748,2263,485
1290,Monday,2,3/26/2018,6084,3995,3289,706
1291,Tuesday,3,3/27/2018,5874,4147,3446,701
1292,Wednesday,4,3/28/2018,5719,3917,3288,629
1293,Thursday,5,3/29/2018,5003,3396,2812,584
1294,Friday,6,3/30/2018,3605,2541,2062,479
1295,Saturday,7,3/31/2018,2811,1901,1512,389
1296,Sunday,1,4/1/2018,3567,2438,1956,482
1297,Monday,2,4/2/2018,5237,3542,2875,667
1298,Tuesday,3,4/3/2018,6154,4126,3438,688
1299,Wednesday,4,4/4/2018,5895,4112,3418,694
1300,Thursday,5,4/5/2018,5858,3943,3232,711
1301,Friday,6,4/6/2018,5034,3348,2749,599
1302,Saturday,7,4/7/2018,3613,2291,184,451
1303,Sunday,1,4/8/2018,4389,3059,253,529
1304,Monday,2,4/9/2018,6278,429,3546,744
1305,Tuesday,3,4/10/2018,6836,4514,3747,767
1306,Wednesday,4,4/11/2018,6731,4596,3759,837
1307,Thursday,5,4/12/2018,6287,4332,3563,769
1308,Friday,6,4/13/2018,5089,3454,285,604
1309,Saturday,7,4/14/2018,3812,2542,2094,448
1310,Sunday,1,4/15/2018,529,3538,2914,624
1311,Monday,2,4/16/2018,7161,4993,4188,805
1312,Tuesday,3,4/17/2018,7352,4939,4058,881
1313,Wednesday,4,4/18/2018,7218,4842,4001,841
1314,Thursday,5,4/19/2018,704,4672,3895,777
1315,Friday,6,4/20/2018,5367,3728,3029,699
1316,Saturday,7,4/21/2018,4021,2749,2253,496
1317,Sunday,1,4/22/2018,5397,3722,3059,663
1318,Monday,2,4/23/2018,7605,5124,4216,908
1319,Tuesday,3,4/24/2018,7614,5094,4181,913
1320,Wednesday,4,4/25/2018,7984,5541,4616,925
1321,Thursday,5,4/26/2018,704,4823,3957,866
1322,Friday,6,4/27/2018,5628,3749,3095,654
1323,Saturday,7,4/28/2018,3926,2618,2141,477
1324,Sunday,1,4/29/2018,5479,3635,3057,578
1325,Monday,2,4/30/2018,667,4584,3784,800
1326,Tuesday,3,5/1/2018,6783,4542,3742,800
1327,Wednesday,4,5/2/2018,7105,4865,4013,852
1328,Thursday,5,5/3/2018,6877,4702,3854,848
1329,Friday,6,5/4/2018,546,3711,3039,672
1330,Saturday,7,5/5/2018,3648,2568,2058,510
1331,Sunday,1,5/6/2018,4917,3311,2737,574
1332,Monday,2,5/7/2018,698,4654,3881,773
1333,Tuesday,3,5/8/2018,6702,4577,37,877
1334,Wednesday,4,5/9/2018,6699,4488,3581,907
1335,Thursday,5,5/10/2018,6001,4059,3265,794
1336,Friday,6,5/11/2018,5094,3454,2766,688
1337,Saturday,7,5/12/2018,3179,2237,1821,416
1338,Sunday,1,5/13/2018,4169,2912,2413,499
1339,Monday,2,5/14/2018,6392,4388,3637,751
1340,Tuesday,3,5/15/2018,5878,4094,3384,710
1341,Wednesday,4,5/16/2018,58,3976,3266,710
1342,Thursday,5,5/17/2018,569,4023,3254,769
1343,Friday,6,5/18/2018,4314,2986,24,586
1344,Saturday,7,5/19/2018,2948,2117,1735,382
1345,Sunday,1,5/20/2018,3864,2674,2155,519
1346,Monday,2,5/21/2018,5499,3708,3005,703
1347,Tuesday,3,5/22/2018,579,404,3269,771
1348,Wednesday,4,5/23/2018,572,3971,3206,765
1349,Thursday,5,5/24/2018,5692,3675,2965,710
1350,Friday,6,5/25/2018,4082,2803,2188,615
1351,Saturday,7,5/26/2018,2716,1965,1597,368
1352,Sunday,1,5/27/2018,343,2374,1887,487
1353,Monday,2,5/28/2018,4353,2994,2392,602
1354,Tuesday,3,5/29/2018,5525,3777,3112,665
1355,Wednesday,4,5/30/2018,5407,3574,2908,666
1356,Thursday,5,5/31/2018,4994,3485,2792,693
1357,Friday,6,6/1/2018,3835,2681,2172,509
1358,Saturday,7,6/2/2018,2511,175,1423,327
1359,Sunday,1,6/3/2018,3371,2308,1891,417
1360,Monday,2,6/4/2018,5226,3399,2741,658
1361,Tuesday,3,6/5/2018,5139,3453,2811,642
1362,Wednesday,4,6/6/2018,5051,3474,2828,646
1363,Thursday,5,6/7/2018,4787,3283,2685,598
1364,Friday,6,6/8/2018,3956,267,2107,563
1365,Saturday,7,6/9/2018,2303,1589,1278,311
1366,Sunday,1,6/10/2018,3011,2091,1717,374
1367,Monday,2,6/11/2018,4896,3326,2714,612
1368,Tuesday,3,6/12/2018,4952,3309,2624,685
1369,Wednesday,4,6/13/2018,457,3099,2439,660
1370,Thursday,5,6/14/2018,4542,2962,2377,585
1371,Friday,6,6/15/2018,3383,232,1847,473
1372,Saturday,7,6/16/2018,1922,1316,1061,255
1373,Sunday,1,6/17/2018,2404,1677,1361,316
1374,Monday,2,6/18/2018,4576,2964,2313,651
1375,Tuesday,3,6/19/2018,4727,3144,2519,625
1376,Wednesday,4,6/20/2018,4639,2989,237,619
1377,Thursday,5,6/21/2018,4108,2762,2154,608
1378,Friday,6,6/22/2018,3372,2207,1744,463
1379,Saturday,7,6/23/2018,1996,1277,989,288
1380,Sunday,1,6/24/2018,2415,1619,1266,353
1381,Monday,2,6/25/2018,4457,2881,2272,609
1382,Tuesday,3,6/26/2018,4736,3039,241,629
1383,Wednesday,4,6/27/2018,4245,2818,2244,574
1384,Thursday,5,6/28/2018,4081,2785,216,625
1385,Friday,6,6/29/2018,3053,2008,1568,440
1386,Saturday,7,6/30/2018,1741,1147,927,220
1387,Sunday,1,7/1/2018,2186,1447,114,307
1388,Monday,2,7/2/2018,4026,2533,1952,581
1389,Tuesday,3,7/3/2018,3961,2515,1966,549
1390,Wednesday,4,7/4/2018,3019,2032,1595,437
1391,Thursday,5,7/5/2018,3743,2496,1997,499
1392,Friday,6,7/6/2018,305,1995,1575,420
1393,Saturday,7,7/7/2018,1688,108,857,223
1394,Sunday,1,7/8/2018,2185,144,1145,295
1395,Monday,2,7/9/2018,4104,2576,2016,560
1396,Tuesday,3,7/10/2018,4097,2694,2059,635
1397,Wednesday,4,7/11/2018,3844,2506,1895,611
1398,Thursday,5,7/12/2018,3743,253,2001,529
1399,Friday,6,7/13/2018,3073,2068,1581,487
1400,Saturday,7,7/14/2018,1852,1249,992,257
1401,Sunday,1,7/15/2018,2105,1474,1173,301
1402,Monday,2,7/16/2018,4078,2657,2095,562
1403,Tuesday,3,7/17/2018,4515,2856,2255,601
1404,Wednesday,4,7/18/2018,4276,2779,2173,606
1405,Thursday,5,7/19/2018,4043,2705,2114,591
1406,Friday,6,7/20/2018,3004,2028,1576,452
1407,Saturday,7,7/21/2018,1664,1177,942,235
1408,Sunday,1,7/22/2018,2248,1561,1246,315
1409,Monday,2,7/23/2018,4062,2658,2081,577
1410,Tuesday,3,7/24/2018,4053,268,2091,589
1411,Wednesday,4,7/25/2018,3628,2431,1879,552
1412,Thursday,5,7/26/2018,3596,2415,1925,490
1413,Friday,6,7/27/2018,314,2002,1539,463
1414,Saturday,7,7/28/2018,1938,1304,1054,250
1415,Sunday,1,7/29/2018,246,1699,1364,335
1416,Monday,2,7/30/2018,4175,2771,2166,605
1417,Tuesday,3,7/31/2018,4113,2881,231,571
1418,Wednesday,4,8/1/2018,4273,2901,231,591
1419,Thursday,5,8/2/2018,4194,2754,2202,552
1420,Friday,6,8/3/2018,3405,2345,1833,512
1421,Saturday,7,8/4/2018,18,1251,1025,226
1422,Sunday,1,8/5/2018,2378,1694,1388,306
1423,Monday,2,8/6/2018,4319,2856,2233,623
1424,Tuesday,3,8/7/2018,4388,2971,2375,596
1425,Wednesday,4,8/8/2018,4205,2724,2118,606
1426,Thursday,5,8/9/2018,3973,2555,1998,557
1427,Friday,6,8/10/2018,351,2224,1777,447
1428,Saturday,7,8/11/2018,1913,1281,1012,269
1429,Sunday,1,8/12/2018,2397,1644,1284,360
1430,Monday,2,8/13/2018,4348,2789,2224,565
1431,Tuesday,3,8/14/2018,3966,2688,2127,561
1432,Wednesday,4,8/15/2018,3805,2544,2035,509
1433,Thursday,5,8/16/2018,3866,2604,2074,530
1434,Friday,6,8/17/2018,3489,2219,1737,482
1435,Saturday,7,8/18/2018,2074,1394,1108,286
1436,Sunday,1,8/19/2018,2519,1687,1318,369
1437,Monday,2,8/20/2018,4202,2734,2128,606
1438,Tuesday,3,8/21/2018,4023,2711,2147,564
1439,Wednesday,4,8/22/2018,4048,2685,2121,564
1440,Thursday,5,8/23/2018,415,286,2249,611
1441,Friday,6,8/24/2018,3154,2199,1742,457
1442,Saturday,7,8/25/2018,2143,1317,1012,305
1443,Sunday,1,8/26/2018,2576,1705,1372,333
1444,Monday,2,8/27/2018,4317,2954,2367,587
1445,Tuesday,3,8/28/2018,4421,3023,2427,596
1446,Wednesday,4,8/29/2018,4563,3019,2395,624
1447,Thursday,5,8/30/2018,4055,2798,2265,533
1448,Friday,6,8/31/2018,3427,2305,1815,490
1449,Saturday,7,9/1/2018,1731,1241,989,252
1450,Sunday,1,9/2/2018,2258,1641,1293,348
1451,Monday,2,9/3/2018,3655,2499,2032,467
1452,Tuesday,3,9/4/2018,4456,2995,2435,560
1453,Wednesday,4,9/5/2018,4566,3042,2456,586
1454,Thursday,5,9/6/2018,4314,3049,2508,541
1455,Friday,6,9/7/2018,3557,2349,189,459
1456,Saturday,7,9/8/2018,2281,1548,1255,293
1457,Sunday,1,9/9/2018,3346,2255,1906,349
1458,Monday,2,9/10/2018,4711,32,26,600
1459,Tuesday,3,9/11/2018,4709,3134,2595,539
1460,Wednesday,4,9/12/2018,4379,3032,2464,568
1461,Thursday,5,9/13/2018,4357,287,2325,545
1462,Friday,6,9/14/2018,356,2396,1907,489
1463,Saturday,7,9/15/2018,2049,1488,1244,244
1464,Sunday,1,9/16/2018,2813,1934,1614,320
1465,Monday,2,9/17/2018,5064,3241,2621,620
1466,Tuesday,3,9/18/2018,5006,3221,2595,626
1467,Wednesday,4,9/19/2018,4949,3282,2708,574
1468,Thursday,5,9/20/2018,4695,3165,2573,592
1469,Friday,6,9/21/2018,3516,2383,1933,450
1470,Saturday,7,9/22/2018,246,1704,1374,330
1471,Sunday,1,9/23/2018,2994,2127,1733,394
1472,Monday,2,9/24/2018,4688,3273,2679,594
1473,Tuesday,3,9/25/2018,4924,3481,2885,596
1474,Wednesday,4,9/26/2018,5209,3546,2936,610
1475,Thursday,5,9/27/2018,5966,4029,3385,644
1476,Friday,6,9/28/2018,474,3171,2643,528
1477,Saturday,7,9/29/2018,2715,187,1618,252
1478,Sunday,1,9/30/2018,3739,2573,2194,379
1479,Monday,2,10/1/2018,5841,3982,3331,651
1480,Tuesday,3,10/2/2018,5881,4096,3514,582
1481,Wednesday,4,10/3/2018,554,3863,3249,614
1482,Thursday,5,10/4/2018,5636,3894,3306,588
1483,Friday,6,10/5/2018,4479,312,2638,482
1484,Saturday,7,10/6/2018,3076,2094,175,344
1485,Sunday,1,10/7/2018,3973,2865,2457,408
1486,Monday,2,10/8/2018,6045,431,3659,651
1487,Tuesday,3,10/9/2018,6126,4173,3522,651
1488,Wednesday,4,10/10/2018,6084,4319,3616,703
1489,Thursday,5,10/11/2018,6154,4254,3632,622
1490,Friday,6,10/12/2018,4868,3385,2784,601
1491,Saturday,7,10/13/2018,3409,2379,2006,373
1492,Sunday,1,10/14/2018,4722,3357,2859,498
1493,Monday,2,10/15/2018,6555,455,3766,784
1494,Tuesday,3,10/16/2018,7079,4652,3893,759
1495,Wednesday,4,10/17/2018,6691,4673,3893,780
1496,Thursday,5,10/18/2018,6522,4398,3666,732
1497,Friday,6,10/19/2018,4922,339,2857,533
1498,Saturday,7,10/20/2018,3409,2399,199,409
1499,Sunday,1,10/21/2018,4483,3092,2623,469
1500,Monday,2,10/22/2018,6666,4499,3769,730
1501,Tuesday,3,10/23/2018,6991,4677,3916,761
1502,Wednesday,4,10/24/2018,6871,4619,3808,811
1503,Thursday,5,10/25/2018,6357,4331,3579,752
1504,Friday,6,10/26/2018,5114,3468,2827,641
1505,Saturday,7,10/27/2018,3456,24,2006,394
1506,Sunday,1,10/28/2018,4924,3251,2735,516
1507,Monday,2,10/29/2018,6837,4704,389,814
1508,Tuesday,3,10/30/2018,6481,4547,3798,749
1509,Wednesday,4,10/31/2018,6296,4316,3545,771
1510,Thursday,5,11/1/2018,6044,3988,3299,689
1511,Friday,6,11/2/2018,486,3326,2738,588
1512,Saturday,7,11/3/2018,343,2289,1946,343
1513,Sunday,1,11/4/2018,4638,3236,2744,492
1514,Monday,2,11/5/2018,6365,4329,3609,720
1515,Tuesday,3,11/6/2018,633,4291,3556,735
1516,Wednesday,4,11/7/2018,5865,3937,3267,670
1517,Thursday,5,11/8/2018,5692,3938,3298,640
1518,Friday,6,11/9/2018,5026,3533,2917,616
1519,Saturday,7,11/10/2018,3506,2428,2018,410
1520,Sunday,1,11/11/2018,4778,3265,2709,556
1521,Monday,2,11/12/2018,6684,4592,3795,797
1522,Tuesday,3,11/13/2018,6766,472,3918,802
1523,Wednesday,4,11/14/2018,6916,4674,3872,802
1524,Thursday,5,11/15/2018,644,4379,3634,745
1525,Friday,6,11/16/2018,5066,3497,2863,634
1526,Saturday,7,11/17/2018,3503,2489,2043,446
1527,Sunday,1,11/18/2018,4855,3321,2691,630
1528,Monday,2,11/19/2018,6818,4601,3795,806
1529,Tuesday,3,11/20/2018,6239,4424,364,784
1530,Wednesday,4,11/21/2018,5471,3904,3194,710
1531,Thursday,5,11/22/2018,4453,3186,2592,594
1532,Friday,6,11/23/2018,4062,2892,2347,545
1533,Saturday,7,11/24/2018,3485,2445,1987,458
1534,Sunday,1,11/25/2018,4906,3371,2815,556
1535,Monday,2,11/26/2018,7099,4871,4012,859
1536,Tuesday,3,11/27/2018,7503,5181,4267,914
1537,Wednesday,4,11/28/2018,7554,5227,433,897
1538,Thursday,5,11/29/2018,7169,4944,4106,838
1539,Friday,6,11/30/2018,5608,3895,3211,684
1540,Saturday,7,12/1/2018,4055,28,2306,494
1541,Sunday,1,12/2/2018,5611,3906,3259,647
1542,Monday,2,12/3/2018,765,5378,4431,947
1543,Tuesday,3,12/4/2018,7372,5225,4328,897
1544,Wednesday,4,12/5/2018,7369,5166,4316,850
1545,Thursday,5,12/6/2018,725,5093,4213,880
1546,Friday,6,12/7/2018,5735,4032,3296,736
1547,Saturday,7,12/8/2018,4614,324,2699,541
1548,Sunday,1,12/9/2018,5979,4062,3352,710
1549,Monday,2,12/10/2018,784,5421,4465,956
1550,Tuesday,3,12/11/2018,7659,5267,433,937
1551,Wednesday,4,12/12/2018,7319,4983,401,973
1552,Thursday,5,12/13/2018,6373,4452,362,832
1553,Friday,6,12/14/2018,4897,3404,2776,628
1554,Saturday,7,12/15/2018,3325,2209,1833,376
1555,Sunday,1,12/16/2018,3874,2671,2206,465
1556,Monday,2,12/17/2018,5436,3791,3062,729
1557,Tuesday,3,12/18/2018,5174,3562,2945,617
1558,Wednesday,4,12/19/2018,4873,3255,2632,623
1559,Thursday,5,12/20/2018,3913,2716,2164,552
1560,Friday,6,12/21/2018,2934,1979,1543,436
1561,Saturday,7,12/22/2018,1523,1074,846,228
1562,Sunday,1,12/23/2018,1859,1223,997,226
1563,Monday,2,12/24/2018,1835,131,1019,291
1564,Tuesday,3,12/25/2018,1852,1214,955,259
1565,Wednesday,4,12/26/2018,2357,1594,1243,351
1566,Thursday,5,12/27/2018,2583,1783,1418,365
1567,Friday,6,12/28/2018,2477,1613,1279,334
1568,Saturday,7,12/29/2018,1694,1197,990,207
1569,Sunday,1,12/30/2018,1985,134,1097,243
1570,Monday,2,12/31/2018,1723,1159,874,285
1571,Tuesday,3,1/1/2019,1715,1168,891,277
1572,Wednesday,4,1/2/2019,3431,2361,1899,462
1573,Thursday,5,1/3/2019,4118,2793,2259,534
1574,Friday,6,1/4/2019,3504,2373,1936,437
1575,Saturday,7,1/5/2019,2308,1609,1348,261
1576,Sunday,1,1/6/2019,2925,2046,1648,398
1577,Monday,2,1/7/2019,4587,31,255,550
1578,Tuesday,3,1/8/2019,4731,3182,2585,597
1579,Wednesday,4,1/9/2019,4831,3245,266,585
1580,Thursday,5,1/10/2019,4162,2836,2298,538
1581,Friday,6,1/11/2019,3726,2476,1999,477
1582,Saturday,7,1/12/2019,2458,1722,1413,309
1583,Sunday,1,1/13/2019,3266,2264,1878,386
1584,Monday,2,1/14/2019,5016,3348,276,588
1585,Tuesday,3,1/15/2019,4732,332,2738,582
1586,Wednesday,4,1/16/2019,4938,3447,2845,602
1587,Thursday,5,1/17/2019,5033,3516,2967,549
1588,Friday,6,1/18/2019,4114,2731,2236,495
1589,Saturday,7,1/19/2019,278,1929,1599,330
1590,Sunday,1,1/20/2019,4205,2367,1974,393
1591,Monday,2,1/21/2019,4983,3391,2783,608
1592,Tuesday,3,1/22/2019,5182,3674,3052,622
1593,Wednesday,4,1/23/2019,5316,3856,3199,657
1594,Thursday,5,1/24/2019,5021,3462,2853,609
1595,Friday,6,1/25/2019,423,2882,2382,500
1596,Saturday,7,1/26/2019,2743,1882,1541,341
1597,Sunday,1,1/27/2019,389,2622,2232,390
1598,Monday,2,1/28/2019,5575,3925,3232,693
1599,Tuesday,3,1/29/2019,5732,3866,326,606
1600,Wednesday,4,1/30/2019,5402,3759,3134,625
1601,Thursday,5,1/31/2019,5069,3597,2984,613
1602,Friday,6,2/1/2019,4222,2923,2364,559
1603,Saturday,7,2/2/2019,2864,1902,1596,306
1604,Sunday,1,2/3/2019,3598,2447,2044,403
1605,Monday,2,2/4/2019,5366,3767,3146,621
1606,Tuesday,3,2/5/2019,5427,3757,3124,633
1607,Wednesday,4,2/6/2019,5667,3759,313,629
1608,Thursday,5,2/7/2019,5517,3763,3069,694
1609,Friday,6,2/8/2019,442,2943,2429,514
1610,Saturday,7,2/9/2019,315,2274,1911,363
1611,Sunday,1,2/10/2019,4264,2962,247,492
1612,Monday,2,2/11/2019,6569,4276,3566,710
1613,Tuesday,3,2/12/2019,6145,4092,3391,701
1614,Wednesday,4,2/13/2019,5743,3932,3236,696
1615,Thursday,5,2/14/2019,5512,3762,3075,687
1616,Friday,6,2/15/2019,4127,2952,2377,575
1617,Saturday,7,2/16/2019,3309,2195,1809,386
1618,Sunday,1,2/17/2019,3761,2669,2217,452
1619,Monday,2,2/18/2019,5592,3912,3226,686
1620,Tuesday,3,2/19/2019,61,4322,3575,747
1621,Wednesday,4,2/20/2019,6208,4265,3543,722
1622,Thursday,5,2/21/2019,573,4071,3352,719
1623,Friday,6,2/22/2019,4372,3073,2508,565
1624,Saturday,7,2/23/2019,3378,2259,1871,388
1625,Sunday,1,2/24/2019,4367,3012,2524,488
1626,Monday,2,2/25/2019,6318,4424,3678,746
1627,Tuesday,3,2/26/2019,6431,4304,353,774
1628,Wednesday,4,2/27/2019,5919,4205,3442,763
1629,Thursday,5,2/28/2019,5668,3966,3266,700
1630,Friday,6,3/1/2019,4581,3178,2594,584
1631,Saturday,7,3/2/2019,3383,2263,1878,385
1632,Sunday,1,3/3/2019,4311,3005,2476,529
1633,Monday,2,3/4/2019,6357,4214,3443,771
1634,Tuesday,3,3/5/2019,6092,4092,3343,749
1635,Wednesday,4,3/6/2019,5772,407,334,730
1636,Thursday,5,3/7/2019,5861,4064,333,734
1637,Friday,6,3/8/2019,46,3147,259,557
1638,Saturday,7,3/9/2019,339,2218,1849,369
1639,Sunday,1,3/10/2019,4099,2898,2397,501
1640,Monday,2,3/11/2019,624,432,3599,721
1641,Tuesday,3,3/12/2019,5871,4127,3375,752
1642,Wednesday,4,3/13/2019,6381,4506,3726,780
1643,Thursday,5,3/14/2019,5853,4043,3328,715
1644,Friday,6,3/15/2019,4425,3116,2499,617
1645,Saturday,7,3/16/2019,2961,2099,1685,414
1646,Sunday,1,3/17/2019,4008,2744,2258,486
1647,Monday,2,3/18/2019,583,404,3319,721
1648,Tuesday,3,3/19/2019,6089,4164,3448,716
1649,Wednesday,4,3/20/2019,58,3946,3192,754
1650,Thursday,5,3/21/2019,5431,3761,31,661
1651,Friday,6,3/22/2019,456,3071,2543,528
1652,Saturday,7,3/23/2019,3256,2254,1859,395
1653,Sunday,1,3/24/2019,4156,2858,2386,472
1654,Monday,2,3/25/2019,606,4232,3469,763
1655,Tuesday,3,3/26/2019,6191,4344,3578,766
1656,Wednesday,4,3/27/2019,6678,4612,3842,770
1657,Thursday,5,3/28/2019,6167,4086,3361,725
1658,Friday,6,3/29/2019,4441,3147,2601,546
1659,Saturday,7,3/30/2019,3243,2325,1949,376
1660,Sunday,1,3/31/2019,426,3039,2543,496
1661,Monday,2,4/1/2019,6078,4238,355,688
1662,Tuesday,3,4/2/2019,6824,4656,3833,823
1663,Wednesday,4,4/3/2019,6621,4727,3942,785
1664,Thursday,5,4/4/2019,6231,4343,3647,696
1665,Friday,6,4/5/2019,4776,3346,2719,627
1666,Saturday,7,4/6/2019,3148,2319,1924,395
1667,Sunday,1,4/7/2019,4357,305,2511,539
1668,Monday,2,4/8/2019,6794,4738,396,778
1669,Tuesday,3,4/9/2019,6688,4505,3736,769
1670,Wednesday,4,4/10/2019,657,4448,3646,802
1671,Thursday,5,4/11/2019,6113,4264,3504,760
1672,Friday,6,4/12/2019,4856,3336,2726,610
1673,Saturday,7,4/13/2019,3401,2409,2011,398
1674,Sunday,1,4/14/2019,4551,3197,26,597
1675,Monday,2,4/15/2019,6614,4773,3967,806
1676,Tuesday,3,4/16/2019,7019,4837,4037,800
1677,Wednesday,4,4/17/2019,6643,447,3681,789
1678,Thursday,5,4/18/2019,5398,3825,3133,692
1679,Friday,6,4/19/2019,4323,2981,2482,499
1680,Saturday,7,4/20/2019,3546,2442,202,422
1681,Sunday,1,4/21/2019,4312,3045,2534,511
1682,Monday,2,4/22/2019,6363,452,3729,791
1683,Tuesday,3,4/23/2019,6797,4968,4147,821
1684,Wednesday,4,4/24/2019,7144,5002,4136,866
1685,Thursday,5,4/25/2019,6555,4621,3804,817
1686,Friday,6,4/26/2019,54,378,3089,691
1687,Saturday,7,4/27/2019,371,2465,2038,427
1688,Sunday,1,4/28/2019,4788,3294,2728,566
1689,Monday,2,4/29/2019,6232,434,3578,762
1690,Tuesday,3,4/30/2019,6093,4264,344,824
1691,Wednesday,4,5/1/2019,6117,4275,3556,719
1692,Thursday,5,5/2/2019,6274,4153,3433,720
1693,Friday,6,5/3/2019,4774,337,2763,607
1694,Saturday,7,5/4/2019,3437,2462,1999,463
1695,Sunday,1,5/5/2019,433,3009,2457,552
1696,Monday,2,5/6/2019,5902,4164,3402,762
1697,Tuesday,3,5/7/2019,6064,4258,3469,789
1698,Wednesday,4,5/8/2019,5709,4049,331,739
1699,Thursday,5,5/9/2019,5596,3944,3275,669
1700,Friday,6,5/10/2019,4498,3144,2494,650
1701,Saturday,7,5/11/2019,3258,2119,1702,417
1702,Sunday,1,5/12/2019,3571,2565,207,495
1703,Monday,2,5/13/2019,5677,3908,3136,772
1704,Tuesday,3,5/14/2019,5534,3669,2977,692
1705,Wednesday,4,5/15/2019,5391,3667,2989,678
1706,Thursday,5,5/16/2019,5043,3577,2953,624
1707,Friday,6,5/17/2019,3993,2795,2254,541
1708,Saturday,7,5/18/2019,2565,1876,1545,331
1709,Sunday,1,5/19/2019,3369,2364,1954,410
1710,Monday,2,5/20/2019,4993,3442,2806,636
1711,Tuesday,3,5/21/2019,4728,3406,2813,593
1712,Wednesday,4,5/22/2019,4963,3431,2772,659
1713,Thursday,5,5/23/2019,4637,3243,2698,545
1714,Friday,6,5/24/2019,3694,2559,207,489
1715,Saturday,7,5/25/2019,246,1658,1347,311
1716,Sunday,1,5/26/2019,3006,2064,1693,371
1717,Monday,2,5/27/2019,3992,278,2271,509
1718,Tuesday,3,5/28/2019,496,3403,2767,636
1719,Wednesday,4,5/29/2019,4376,3115,2562,553
1720,Thursday,5,5/30/2019,4143,2896,2353,543
1721,Friday,6,5/31/2019,3359,2363,1909,454
1722,Saturday,7,6/1/2019,2218,1474,1221,253
1723,Sunday,1,6/2/2019,2768,1845,1516,329
1724,Monday,2,6/3/2019,3967,2831,2295,536
1725,Tuesday,3,6/4/2019,4501,3008,2426,582
1726,Wednesday,4,6/5/2019,3973,2727,2233,494
1727,Thursday,5,6/6/2019,4259,2871,2312,559
1728,Friday,6,6/7/2019,3181,2313,1869,444
1729,Saturday,7,6/8/2019,217,1583,1324,259
1730,Sunday,1,6/9/2019,281,193,1586,344
1731,Monday,2,6/10/2019,442,303,2463,567
1732,Tuesday,3,6/11/2019,4793,3258,2664,594
1733,Wednesday,4,6/12/2019,441,3064,2479,585
1734,Thursday,5,6/13/2019,4076,2844,228,564
1735,Friday,6,6/14/2019,3287,2265,1789,476
1736,Saturday,7,6/15/2019,2176,1467,1201,266
1737,Sunday,1,6/16/2019,2516,1747,1419,328
1738,Monday,2,6/17/2019,4142,2925,2398,527
1739,Tuesday,3,6/18/2019,4225,3013,2461,552
1740,Wednesday,4,6/19/2019,4162,2882,2351,531
1741,Thursday,5,6/20/2019,3716,2615,2137,478
1742,Friday,6,6/21/2019,3333,2275,1853,422
1743,Saturday,7,6/22/2019,1918,136,1118,242
1744,Sunday,1,6/23/2019,2344,1621,1317,304
1745,Monday,2,6/24/2019,3691,2591,2149,442
1746,Tuesday,3,6/25/2019,4035,277,2247,523
1747,Wednesday,4,6/26/2019,3939,2675,2186,489
1748,Thursday,5,6/27/2019,3738,2671,2197,474
1749,Friday,6,6/28/2019,2846,2021,1657,364
1750,Saturday,7,6/29/2019,1733,1199,983,216
1751,Sunday,1,6/30/2019,2184,1494,124,254
1752,Monday,2,7/1/2019,3512,2485,2001,484
1753,Tuesday,3,7/2/2019,3675,2636,2163,473
1754,Wednesday,4,7/3/2019,3831,2579,2144,435
1755,Thursday,5,7/4/2019,2801,1971,1648,323
1756,Friday,6,7/5/2019,2552,179,1446,344
1757,Saturday,7,7/6/2019,195,1291,111,181
1758,Sunday,1,7/7/2019,211,1477,1209,268
1759,Monday,2,7/8/2019,4303,2903,2383,520
1760,Tuesday,3,7/9/2019,3883,2799,2335,464
1761,Wednesday,4,7/10/2019,4244,2907,2347,560
1762,Thursday,5,7/11/2019,3765,2669,215,519
1763,Friday,6,7/12/2019,3286,2276,1816,460
1764,Saturday,7,7/13/2019,1851,1305,1063,242
1765,Sunday,1,7/14/2019,258,1754,1433,321
1766,Monday,2,7/15/2019,414,2911,2382,529
1767,Tuesday,3,7/16/2019,4076,2785,2285,500
1768,Wednesday,4,7/17/2019,4141,29,236,540
1769,Thursday,5,7/18/2019,3898,2774,2249,525
1770,Friday,6,7/19/2019,3027,2078,1641,437
1771,Saturday,7,7/20/2019,1831,1271,1033,238
1772,Sunday,1,7/21/2019,2282,1617,1356,261
1773,Monday,2,7/22/2019,4138,289,2376,514
1774,Tuesday,3,7/23/2019,4049,2868,2344,524
1775,Wednesday,4,7/24/2019,4272,2963,2359,604
1776,Thursday,5,7/25/2019,4089,2755,221,545
1777,Friday,6,7/26/2019,3277,2264,1842,422
1778,Saturday,7,7/27/2019,1954,1308,1069,239
1779,Sunday,1,7/28/2019,2111,1509,1239,270
1780,Monday,2,7/29/2019,3625,2539,2053,486
1781,Tuesday,3,7/30/2019,4415,2906,2386,520
1782,Wednesday,4,7/31/2019,3854,2743,226,483
1783,Thursday,5,8/1/2019,4114,2771,2262,509
1784,Friday,6,8/2/2019,3492,228,1874,406
1785,Saturday,7,8/3/2019,1849,1312,1096,216
1786,Sunday,1,8/4/2019,2239,163,1347,283
1787,Monday,2,8/5/2019,3976,2664,2191,473
1788,Tuesday,3,8/6/2019,4061,2833,2284,549
1789,Wednesday,4,8/7/2019,3702,2675,2215,460
1790,Thursday,5,8/8/2019,3622,2553,2112,441
1791,Friday,6,8/9/2019,3039,2033,166,373
1792,Saturday,7,8/10/2019,1848,1265,1049,216
1793,Sunday,1,8/11/2019,2082,1502,1242,260
1794,Monday,2,8/12/2019,3807,2574,2121,453
1795,Tuesday,3,8/13/2019,3993,2667,2215,452
1796,Wednesday,4,8/14/2019,3567,2517,2087,430
1797,Thursday,5,8/15/2019,3484,245,2046,404
1798,Friday,6,8/16/2019,2994,2022,1663,359
1799,Saturday,7,8/17/2019,1793,1276,1074,202
1800,Sunday,1,8/18/2019,2422,1721,1477,244
1801,Monday,2,8/19/2019,407,2847,2371,476
1802,Tuesday,3,8/20/2019,3987,28,2293,507
1803,Wednesday,4,8/21/2019,3355,2407,1963,444
1804,Thursday,5,8/22/2019,2925,1959,1627,332
1805,Friday,6,8/23/2019,301,2143,1769,374
1806,Saturday,7,8/24/2019,1896,138,1151,229
1807,Sunday,1,8/25/2019,2501,1791,1497,294
1808,Monday,2,8/26/2019,3851,2714,2257,457
1809,Tuesday,3,8/27/2019,4403,3075,2622,453
1810,Wednesday,4,8/28/2019,4627,3125,2623,502
1811,Thursday,5,8/29/2019,4221,2982,2477,505
1812,Friday,6,8/30/2019,3025,2102,1727,375
1813,Saturday,7,8/31/2019,1998,1386,1179,207
1814,Sunday,1,9/1/2019,2297,1645,1414,231
1815,Monday,2,9/2/2019,3192,2272,191,362
1816,Tuesday,3,9/3/2019,4087,2921,2434,487
1817,Wednesday,4,9/4/2019,4787,3348,2842,506
1818,Thursday,5,9/5/2019,4483,3078,257,508
1819,Friday,6,9/6/2019,3571,2483,2095,388
1820,Saturday,7,9/7/2019,2263,1566,1343,223
1821,Sunday,1,9/8/2019,2948,2118,1827,291
1822,Monday,2,9/9/2019,4521,3287,2785,502
1823,Tuesday,3,9/10/2019,4563,3251,2758,493
1824,Wednesday,4,9/11/2019,4598,3365,2901,464
1825,Thursday,5,9/12/2019,4603,3356,2868,488
1826,Friday,6,9/13/2019,3349,2508,2121,387
1827,Saturday,7,9/14/2019,2437,1716,1451,265
1828,Sunday,1,9/15/2019,3188,2367,2082,285
1829,Monday,2,9/16/2019,5291,3839,328,559
1830,Tuesday,3,9/17/2019,5477,3815,3273,542
1831,Wednesday,4,9/18/2019,5257,3726,3222,504
1832,Thursday,5,9/19/2019,5,35,3028,472
1833,Friday,6,9/20/2019,389,2822,2407,415
1834,Saturday,7,9/21/2019,2654,1994,1739,255
1835,Sunday,1,9/22/2019,3656,264,2328,312
1836,Monday,2,9/23/2019,5223,3804,3291,513
1837,Tuesday,3,9/24/2019,5276,3826,3287,539
1838,Wednesday,4,9/25/2019,5476,3838,3306,532
1839,Thursday,5,9/26/2019,5196,3718,3208,510
1840,Friday,6,9/27/2019,4052,2863,2448,415
1841,Saturday,7,9/28/2019,2635,1945,1696,249
1842,Sunday,1,9/29/2019,4076,2895,2541,354
1843,Monday,2,9/30/2019,5167,3754,3216,538
1844,Tuesday,3,10/1/2019,4972,3634,3082,552
1845,Wednesday,4,10/2/2019,5143,3683,3209,474
1846,Thursday,5,10/3/2019,4753,3454,2941,513
1847,Friday,6,10/4/2019,3795,2854,244,414
1848,Saturday,7,10/5/2019,292,2118,1827,291
1849,Sunday,1,10/6/2019,395,285,2471,379
1850,Monday,2,10/7/2019,5493,3929,3432,497
1851,Tuesday,3,10/8/2019,5652,4186,3705,481
1852,Wednesday,4,10/9/2019,5617,3936,3388,548
1853,Thursday,5,10/10/2019,5234,3802,3261,541
1854,Friday,6,10/11/2019,4118,3147,2674,473
1855,Saturday,7,10/12/2019,2863,2111,1803,308
1856,Sunday,1,10/13/2019,4032,3013,2645,368
1857,Monday,2,10/14/2019,5476,4022,3466,556
1858,Tuesday,3,10/15/2019,5542,4117,3572,545
1859,Wednesday,4,10/16/2019,534,3966,3403,563
1860,Thursday,5,10/17/2019,5388,3905,3333,572
1861,Friday,6,10/18/2019,4309,3097,2675,422
1862,Saturday,7,10/19/2019,3117,2223,1897,326
1863,Sunday,1,10/20/2019,4234,3081,2679,402
1864,Monday,2,10/21/2019,5698,4144,3507,637
1865,Tuesday,3,10/22/2019,5721,4132,3536,596
1866,Wednesday,4,10/23/2019,6018,4446,3823,623
1867,Thursday,5,10/24/2019,5563,3995,3397,598
1868,Friday,6,10/25/2019,4159,2961,2461,500
1869,Saturday,7,10/26/2019,2732,2057,1753,304
1870,Sunday,1,10/27/2019,3901,2854,246,394
1871,Monday,2,10/28/2019,5749,412,3529,591
1872,Tuesday,3,10/29/2019,5821,414,3576,564
1873,Wednesday,4,10/30/2019,5647,4059,3452,607
1874,Thursday,5,10/31/2019,5219,3689,318,509
1875,Friday,6,11/1/2019,4054,301,2604,406
1876,Saturday,7,11/2/2019,2815,217,1889,281
1877,Sunday,1,11/3/2019,4253,3063,2603,460
1878,Monday,2,11/4/2019,5816,4184,364,544
1879,Tuesday,3,11/5/2019,5843,4176,3549,627
1880,Wednesday,4,11/6/2019,6058,4351,3672,679
1881,Thursday,5,11/7/2019,6291,4489,381,679
1882,Friday,6,11/8/2019,4604,3357,2839,518
1883,Saturday,7,11/9/2019,3354,2337,2,337
1884,Sunday,1,11/10/2019,419,3075,2634,441
1885,Monday,2,11/11/2019,5931,4194,3573,621
1886,Tuesday,3,11/12/2019,6443,4589,3877,712
1887,Wednesday,4,11/13/2019,5805,4275,3572,703
1888,Thursday,5,11/14/2019,5753,4172,3569,603
1889,Friday,6,11/15/2019,4709,3452,2927,525
1890,Saturday,7,11/16/2019,3418,2506,2136,370
1891,Sunday,1,11/17/2019,4821,3387,2872,515
1892,Monday,2,11/18/2019,6444,4699,3985,714
1893,Tuesday,3,11/19/2019,6607,4772,4119,653
1894,Wednesday,4,11/20/2019,6726,4781,4115,666
1895,Thursday,5,11/21/2019,6334,4462,384,622
1896,Friday,6,11/22/2019,4575,3214,2724,490
1897,Saturday,7,11/23/2019,3414,2474,2118,356
1898,Sunday,1,11/24/2019,4535,3242,2787,455
1899,Monday,2,11/25/2019,597,4467,3836,631
1900,Tuesday,3,11/26/2019,563,4115,3522,593
1901,Wednesday,4,11/27/2019,5384,3823,3225,598
1902,Thursday,5,11/28/2019,4201,3223,2747,476
1903,Friday,6,11/29/2019,3799,2947,2504,443
1904,Saturday,7,11/30/2019,3301,2443,2053,390
1905,Sunday,1,12/1/2019,442,3308,2849,459
1906,Monday,2,12/2/2019,6384,4674,4031,643
1907,Tuesday,3,12/3/2019,6964,4975,4285,690
1908,Wednesday,4,12/4/2019,6957,4959,4252,707
1909,Thursday,5,12/5/2019,635,4671,3989,682
1910,Friday,6,12/6/2019,5324,3796,3258,538
1911,Saturday,7,12/7/2019,3795,276,2362,398
1912,Sunday,1,12/8/2019,5013,3636,3159,477
1913,Monday,2,12/9/2019,7005,525,4569,681
1914,Tuesday,3,12/10/2019,6606,4791,4131,660
1915,Wednesday,4,12/11/2019,6686,4902,424,662
1916,Thursday,5,12/12/2019,6163,4533,3871,662
1917,Friday,6,12/13/2019,4581,3272,2801,471
1918,Saturday,7,12/14/2019,293,224,1958,282
1919,Sunday,1,12/15/2019,3585,2672,228,392
1920,Monday,2,12/16/2019,4925,3653,3128,525
1921,Tuesday,3,12/17/2019,4743,3441,2895,546
1922,Wednesday,4,12/18/2019,4716,339,2918,472
1923,Thursday,5,12/19/2019,3793,2821,2381,440
1924,Friday,6,12/20/2019,2688,1906,1583,323
1925,Saturday,7,12/21/2019,1682,1177,102,157
1926,Sunday,1,12/22/2019,188,1411,119,221
1927,Monday,2,12/23/2019,2451,1738,1442,296
1928,Tuesday,3,12/24/2019,1644,1197,977,220
1929,Wednesday,4,12/25/2019,1483,1027,851,176
1930,Thursday,5,12/26/2019,1864,1355,1102,253
1931,Friday,6,12/27/2019,1927,1319,1109,210
1932,Saturday,7,12/28/2019,1679,1219,1019,200
1933,Sunday,1,12/29/2019,1962,1299,1111,188
1934,Monday,2,12/30/2019,2469,1762,1479,283
1935,Tuesday,3,12/31/2019,175,1192,1005,187
1936,Wednesday,4,1/1/2020,1554,1105,870,235
1937,Thursday,5,1/2/2020,282,2083,1754,329
1938,Friday,6,1/3/2020,297,218,1859,321
1939,Saturday,7,1/4/2020,2111,1526,13,226
1940,Sunday,1,1/5/2020,2393,1788,1514,274
1941,Monday,2,1/6/2020,3704,277,2341,429
1942,Tuesday,3,1/7/2020,376,2915,2492,423
1943,Wednesday,4,1/8/2020,3698,2844,2402,442
1944,Thursday,5,1/9/2020,4243,3374,291,464
1945,Friday,6,1/10/2020,3177,2415,2043,372
1946,Saturday,7,1/11/2020,2361,1834,1581,253
1947,Sunday,1,1/12/2020,2762,2238,1961,277
1948,Monday,2,1/13/2020,4298,3242,2727,515
1949,Tuesday,3,1/14/2020,3838,2884,245,434
1950,Wednesday,4,1/15/2020,3754,2864,247,394
1951,Thursday,5,1/16/2020,3817,2951,251,441
1952,Friday,6,1/17/2020,3175,2419,2006,413
1953,Saturday,7,1/18/2020,2336,1927,1681,246
1954,Sunday,1,1/19/2020,2597,2031,1717,314
1955,Monday,2,1/20/2020,3715,2948,2505,443
1956,Tuesday,3,1/21/2020,4459,3501,3017,484
1957,Wednesday,4,1/22/2020,4483,3552,3079,473
1958,Thursday,5,1/23/2020,4225,3295,2805,490
1959,Friday,6,1/24/2020,3111,2484,2131,353
1960,Saturday,7,1/25/2020,2353,1784,1535,249
1961,Sunday,1,1/26/2020,3198,252,2213,307
1962,Monday,2,1/27/2020,4432,3539,3058,481
1963,Tuesday,3,1/28/2020,4664,3654,3148,506
1964,Wednesday,4,1/29/2020,4471,3544,3025,519
1965,Thursday,5,1/30/2020,4486,3499,3031,468
1966,Friday,6,1/31/2020,3527,2704,2304,400
1967,Saturday,7,2/1/2020,2514,1995,1728,267
1968,Sunday,1,2/2/2020,2993,2409,2106,303
1969,Monday,2,2/3/2020,4728,3694,3174,520
1970,Tuesday,3,2/4/2020,4883,3982,3472,510
1971,Wednesday,4,2/5/2020,5071,4061,3528,533
1972,Thursday,5,2/6/2020,4638,3715,3217,498
1973,Friday,6,2/7/2020,3757,2942,2512,430
1974,Saturday,7,2/8/2020,2761,2193,189,303
1975,Sunday,1,2/9/2020,3423,2849,2498,351
1976,Monday,2,2/10/2020,5066,4016,3464,552
1977,Tuesday,3,2/11/2020,4928,4045,3499,546
1978,Wednesday,4,2/12/2020,4996,4019,3497,522
1979,Thursday,5,2/13/2020,5004,3823,3188,635
1980,Friday,6,2/14/2020,3675,2949,2529,420
1981,Saturday,7,2/15/2020,2556,2024,1757,267
1982,Sunday,1,2/16/2020,3732,2808,2361,447
1983,Monday,2,2/17/2020,4958,3951,3382,569
1984,Tuesday,3,2/18/2020,4869,3806,3273,533
1985,Wednesday,4,2/19/2020,5224,4042,3495,547
1986,Thursday,5,2/20/2020,489,3748,3212,536
1987,Friday,6,2/21/2020,3678,2914,2528,386
1988,Saturday,7,2/22/2020,2456,2025,1759,266
1989,Sunday,1,2/23/2020,3444,2708,2387,321
1990,Monday,2,2/24/2020,5,3974,339,584
1991,Tuesday,3,2/25/2020,5496,421,3601,609
1992,Wednesday,4,2/26/2020,5059,4014,3468,546
1993,Thursday,5,2/27/2020,4813,3759,3247,512
1994,Friday,6,2/28/2020,381,3052,2569,483
1995,Saturday,7,2/29/2020,2682,2169,1858,311
1996,Sunday,1,3/1/2020,3332,2754,2379,375
1997,Monday,2,3/2/2020,4872,3801,3264,537
1998,Tuesday,3,3/3/2020,5097,3956,3452,504
1999,Wednesday,4,3/4/2020,4714,3591,3118,473
2000,Thursday,5,3/5/2020,5048,3994,3428,566
2001,Friday,6,3/6/2020,3698,2843,2386,457
2002,Saturday,7,3/7/2020,267,2095,1798,297
2003,Sunday,1,3/8/2020,3416,2743,2362,381
2004,Monday,2,3/9/2020,4731,383,3269,561
2005,Tuesday,3,3/10/2020,482,3718,3169,549
2006,Wednesday,4,3/11/2020,4813,3711,3182,529
2007,Thursday,5,3/12/2020,4393,3508,2952,556
2008,Friday,6,3/13/2020,3316,2613,2172,441
2009,Saturday,7,3/14/2020,2416,1888,1569,319
2010,Sunday,1,3/15/2020,2934,2251,1937,314
2011,Monday,2,3/16/2020,2732,2157,1809,348
2012,Tuesday,3,3/17/2020,3805,3007,2525,482
2013,Wednesday,4,3/18/2020,3748,2976,2508,468
2014,Thursday,5,3/19/2020,3678,2883,2471,412
2015,Friday,6,3/20/2020,3322,2647,2239,408
2016,Saturday,7,3/21/2020,2701,2049,1749,300
2017,Sunday,1,3/22/2020,3263,2469,212,349
2018,Monday,2,3/23/2020,4105,3166,269,476
2019,Tuesday,3,3/24/2020,4156,3247,2766,481
2020,Wednesday,4,3/25/2020,4153,3367,2878,489
2021,Thursday,5,3/26/2020,4256,3394,2944,450
2022,Friday,6,3/27/2020,3818,3002,2588,414
2023,Saturday,7,3/28/2020,3045,2438,2103,335
2024,Sunday,1,3/29/2020,4079,3047,2603,444
2025,Monday,2,3/30/2020,4899,3852,328,572
2026,Tuesday,3,3/31/2020,4943,3822,331,512
2027,Wednesday,4,4/1/2020,4907,3799,3317,482
2028,Thursday,5,4/2/2020,4933,3838,3305,533
2029,Friday,6,4/3/2020,4665,3498,2975,523
2030,Saturday,7,4/4/2020,3366,2536,2175,361
2031,Sunday,1,4/5/2020,3976,3045,2644,401
2032,Monday,2,4/6/2020,4981,3921,3351,570
2033,Tuesday,3,4/7/2020,5331,4144,3552,592
2034,Wednesday,4,4/8/2020,5331,4203,3656,547
2035,Thursday,5,4/9/2020,5063,3982,3426,556
2036,Friday,6,4/10/2020,4252,3354,2869,485
2037,Saturday,7,4/11/2020,3656,2712,2279,433
2038,Sunday,1,4/12/2020,4152,3125,2666,459
2039,Monday,2,4/13/2020,5089,3922,3379,543
2040,Tuesday,3,4/14/2020,5491,4314,3721,593
2041,Wednesday,4,4/15/2020,5665,4424,3754,670
2042,Thursday,5,4/16/2020,5423,4203,3592,611
2043,Friday,6,4/17/2020,4688,3682,3146,536
2044,Saturday,7,4/18/2020,4055,3007,2521,486
2045,Sunday,1,4/19/2020,483,3671,3057,614
2046,Monday,2,4/20/2020,5908,4517,3869,648
2047,Tuesday,3,4/21/2020,5633,4377,3722,655
2048,Wednesday,4,4/22/2020,5786,452,3856,664
2049,Thursday,5,4/23/2020,5967,4758,4074,684
2050,Friday,6,4/24/2020,4937,3879,3319,560
2051,Saturday,7,4/25/2020,4327,3284,2814,470
2052,Sunday,1,4/26/2020,5086,3964,3393,571
2053,Monday,2,4/27/2020,6038,4771,4054,717
2054,Tuesday,3,4/28/2020,6324,492,421,710
2055,Wednesday,4,4/29/2020,6062,4735,4006,729
2056,Thursday,5,4/30/2020,552,4375,3776,599
2057,Friday,6,5/1/2020,467,3621,3068,553
2058,Saturday,7,5/2/2020,4171,3145,2683,462
2059,Sunday,1,5/3/2020,4716,3648,3067,581
2060,Monday,2,5/4/2020,5939,4567,3882,685
2061,Tuesday,3,5/5/2020,6361,49,4169,731
2062,Wednesday,4,5/6/2020,6659,5322,458,742
2063,Thursday,5,5/7/2020,6264,4857,4067,790
2064,Friday,6,5/8/2020,5359,4202,3592,610
2065,Saturday,7,5/9/2020,4593,3452,2932,520
2066,Sunday,1,5/10/2020,5092,3917,3338,579
2067,Monday,2,5/11/2020,6563,5112,4278,834
2068,Tuesday,3,5/12/2020,6124,4775,4028,747
2069,Wednesday,4,5/13/2020,5817,4596,3886,710
2070,Thursday,5,5/14/2020,6057,4583,3937,646
2071,Friday,6,5/15/2020,4958,3829,3183,646
2072,Saturday,7,5/16/2020,3651,2827,2384,443
2073,Sunday,1,5/17/2020,4248,3291,2737,554
2074,Monday,2,5/18/2020,5624,4231,3588,643
2075,Tuesday,3,5/19/2020,5595,43,3666,634
2076,Wednesday,4,5/20/2020,5213,4106,3466,640
2077,Thursday,5,5/21/2020,5156,399,3372,618
2078,Friday,6,5/22/2020,435,3343,2816,527
2079,Saturday,7,5/23/2020,3446,2696,2291,405
2080,Sunday,1,5/24/2020,3945,2969,2479,490
2081,Monday,2,5/25/2020,4639,361,3054,556
2082,Tuesday,3,5/26/2020,5224,4069,3416,653
2083,Wednesday,4,5/27/2020,5242,4105,3474,631
2084,Thursday,5,5/28/2020,4939,3966,3371,595
2085,Friday,6,5/29/2020,4387,3486,2949,537
2086,Saturday,7,5/30/2020,3327,2583,2189,394
2087,Sunday,1,5/31/2020,3692,2919,2482,437
2088,Monday,2,6/1/2020,4734,3707,3133,574
2089,Tuesday,3,6/2/2020,4727,369,3057,633
2090,Wednesday,4,6/3/2020,4994,3869,3239,630
2091,Thursday,5,6/4/2020,4767,3733,3156,577
2092,Friday,6,6/5/2020,4124,3247,2778,469
2093,Saturday,7,6/6/2020,323,2425,2045,380
2094,Sunday,1,6/7/2020,3906,3049,2574,475
2095,Monday,2,6/8/2020,4895,3787,3188,599
2096,Tuesday,3,6/9/2020,4871,3644,305,594
2097,Wednesday,4,6/10/2020,4989,3857,3269,588
2098,Thursday,5,6/11/2020,4633,356,3015,545
2099,Friday,6,6/12/2020,4475,3292,2757,535
2100,Saturday,7,6/13/2020,2967,2304,1942,362
2101,Sunday,1,6/14/2020,3507,2684,2282,402
2102,Monday,2,6/15/2020,4337,3348,2794,554
2103,Tuesday,3,6/16/2020,447,3461,2964,497
2104,Wednesday,4,6/17/2020,4439,345,2898,552
2105,Thursday,5,6/18/2020,4895,3677,3132,545
2106,Friday,6,6/19/2020,3924,2911,2459,452
2107,Saturday,7,6/20/2020,2827,219,1851,339
2108,Sunday,1,6/21/2020,3481,2668,2256,412
2109,Monday,2,6/22/2020,4627,3493,2935,558
2110,Tuesday,3,6/23/2020,4561,3493,295,543
2111,Wednesday,4,6/24/2020,4626,3521,2982,539
2112,Thursday,5,6/25/2020,4137,3215,2668,547
2113,Friday,6,6/26/2020,3555,2675,2248,427
2114,Saturday,7,6/27/2020,2671,1999,168,319
2115,Sunday,1,6/28/2020,3486,2635,2233,402
2116,Monday,2,6/29/2020,4,3119,2616,503
2117,Tuesday,3,6/30/2020,3828,3013,2553,460
2118,Wednesday,4,7/1/2020,3935,3049,2599,450
2119,Thursday,5,7/2/2020,3633,2881,2397,484
2120,Friday,6,7/3/2020,2997,2286,1932,354
2121,Saturday,7,7/4/2020,2194,1704,142,284
2122,Sunday,1,7/5/2020,2948,2198,1836,362
2123,Monday,2,7/6/2020,4049,3215,2724,491
2124,Tuesday,3,7/7/2020,3792,2998,2485,513
2125,Wednesday,4,7/8/2020,4029,3096,2613,483
2126,Thursday,5,7/9/2020,3945,3039,2587,452
2127,Friday,6,7/10/2020,3523,262,2173,447
2128,Saturday,7,7/11/2020,2646,1981,1665,316
2129,Sunday,1,7/12/2020,3454,2611,2213,398
2130,Monday,2,7/13/2020,3703,2916,2459,457
2131,Tuesday,3,7/14/2020,368,2853,2397,456
2132,Wednesday,4,7/15/2020,3479,2627,2196,431
2133,Thursday,5,7/16/2020,3756,2916,2463,453
2134,Friday,6,7/17/2020,3289,2557,2122,435
2135,Saturday,7,7/18/2020,2416,1892,1606,286
2136,Sunday,1,7/19/2020,2793,2197,1892,305
2137,Monday,2,7/20/2020,3749,2881,2428,453
2138,Tuesday,3,7/21/2020,3786,2889,245,439
2139,Wednesday,4,7/22/2020,4002,3039,2566,473
2140,Thursday,5,7/23/2020,3823,3033,2525,508
2141,Friday,6,7/24/2020,343,2623,2262,361
2142,Saturday,7,7/25/2020,24,1767,1487,280
2143,Sunday,1,7/26/2020,2835,2207,1869,338
2144,Monday,2,7/27/2020,4001,3031,2523,508
2145,Tuesday,3,7/28/2020,3795,2969,2525,444
2146,Wednesday,4,7/29/2020,3903,301,2591,419
2147,Thursday,5,7/30/2020,3397,2687,2265,422
2148,Friday,6,7/31/2020,3005,2317,1887,430
2149,Saturday,7,8/1/2020,2305,175,1479,271
2150,Sunday,1,8/2/2020,2696,1993,1701,292
2151,Monday,2,8/3/2020,3866,2814,2368,446
2152,Tuesday,3,8/4/2020,3826,2845,24,445
2153,Wednesday,4,8/5/2020,3673,2774,2334,440
2154,Thursday,5,8/6/2020,366,2625,2189,436
2155,Friday,6,8/7/2020,3136,2364,1941,423
2156,Saturday,7,8/8/2020,2223,1628,1354,274
2157,Sunday,1,8/9/2020,2623,1941,1644,297
2158,Monday,2,8/10/2020,3638,2745,2325,420
2159,Tuesday,3,8/11/2020,374,2742,2258,484
2160,Wednesday,4,8/12/2020,3767,2904,2477,427
2161,Thursday,5,8/13/2020,3621,278,2322,458
2162,Friday,6,8/14/2020,2971,2308,1922,386
2163,Saturday,7,8/15/2020,2221,1696,1373,323
2164,Sunday,1,8/16/2020,2724,2037,1686,351
2165,Monday,2,8/17/2020,3456,2638,2181,457
2166,Tuesday,3,8/18/2020,3581,2683,2184,499
2167,Wednesday,4,8/19/2020,2064,1564,1297,267